{"results":[{"profile_image_url":"http://a2.twimg.com/profile_images/1087795786/Tsonoqua_Mask_normal.gif","created_at":"Fri, 20 Aug 2010 03:53:27 +0000","from_user":"adolfosousa","metadata":{"result_type":"recent"},"to_user_id":null,"text":"RT @DEVOPS_BORAT: @gbarrancos you must not be #devops if say not fuck with production. Is what we do all day. Sometime it is fuck back.","id":21634396140,"from_user_id":871738,"geo":null,"iso_language_code":"en","source":"&lt;a href=&quot;http://twitter.com&quot; rel=&quot;nofollow&quot;&gt;Tweetie for Mac&lt;/a&gt;"},{"profile_image_url":"http://a3.twimg.com/profile_images/270103087/Picture_1_normal.png","created_at":"Fri, 20 Aug 2010 03:43:37 +0000","from_user":"rhruiz","metadata":{"result_type":"recent"},"to_user_id":null,"text":"RT @DEVOPS_BORAT: @gbarrancos you must not be #devops if say not fuck with production. Is what we do all day. Sometime it is fuck back.","id":21633778372,"from_user_id":1502672,"geo":null,"iso_language_code":"en","source":"&lt;a href=&quot;http://twitter.com&quot; rel=&quot;nofollow&quot;&gt;Tweetie for Mac&lt;/a&gt;"},{"profile_image_url":"http://a3.twimg.com/profile_images/1079908235/borat_855_18535194_0_0_12672_300_normal.jpg","created_at":"Fri, 20 Aug 2010 03:42:58 +0000","from_user":"DEVOPS_BORAT","metadata":{"result_type":"recent"},"to_user_id":1437693,"text":"@gbarrancos you must not be #devops if say not fuck with production. Is what we do all day. Sometime it is fuck back.","id":21633736899,"from_user_id":135828739,"to_user":"gbarrancos","geo":null,"iso_language_code":"en","source":"&lt;a href=&quot;http://mobile.twitter.com&quot; rel=&quot;nofollow&quot;&gt;Mobile Web&lt;/a&gt;"},{"profile_image_url":"http://a3.twimg.com/profile_images/662225987/Me-and-Kyra_normal.jpg","created_at":"Fri, 20 Aug 2010 02:40:30 +0000","from_user":"GeorgeReese","metadata":{"result_type":"recent"},"to_user_id":135828739,"text":"@DEVOPS_BORAT When enstratus expands for you to the public cloud. Like from Kazakhstan to Uzbekistan.","id":21629568858,"from_user_id":45971,"to_user":"DEVOPS_BORAT","geo":null,"iso_language_code":"en","source":"&lt;a href=&quot;http://www.tweetdeck.com&quot; rel=&quot;nofollow&quot;&gt;TweetDeck&lt;/a&gt;"},{"profile_image_url":"http://a3.twimg.com/profile_images/1079908235/borat_855_18535194_0_0_12672_300_normal.jpg","created_at":"Fri, 20 Aug 2010 02:39:01 +0000","from_user":"DEVOPS_BORAT","metadata":{"result_type":"recent"},"to_user_id":45971,"text":"@GeorgeReese I am understand now what is hybrid cloud! Is when run out of space in rack at data center and expand in enstratus yes?","id":21629467715,"from_user_id":135828739,"to_user":"GeorgeReese","geo":null,"iso_language_code":"en","source":"&lt;a href=&quot;http://twitter.com/&quot;&gt;web&lt;/a&gt;"}],"max_id":21634396140,"since_id":21623792811,"refresh_url":"?since_id=21634396140&q=devops_borat","total":5,"results_per_page":100,"page":1,"completed_in":0.041851,"query":"devops_borat"}