{"results":[{"profile_image_url":"http://a0.twimg.com/profile_images/308575472/n13700235_13390_normal.jpg","created_at":"Fri, 20 Aug 2010 12:45:52 +0000","from_user":"tasermonkey","metadata":{"result_type":"recent"},"to_user_id":null,"text":"RT @strlen: @DEVOPS_BORAT Yes, please implement a dynamic programming algorithm with distributed memoization, using a Y-combinator for recursion","id":21661362103,"from_user_id":28110210,"geo":null,"iso_language_code":"en","source":"&lt;a href=&quot;http://twitter.com/&quot;&gt;web&lt;/a&gt;"}],"max_id":21662266604,"since_id":21655359013,"refresh_url":"?since_id=21662266604&q=devops_borat","total":1,"results_per_page":100,"page":1,"completed_in":0.032686,"query":"devops_borat"}