{"results":[{"profile_image_url":"http://a2.twimg.com/profile_images/18541942/me_normal.jpg","created_at":"Fri, 20 Aug 2010 05:37:59 +0000","from_user":"posix4e","metadata":{"result_type":"recent"},"to_user_id":null,"text":"RT @strlen: @DEVOPS_BORAT Yes, please implement a dynamic programming algorithm with distributed memoization, using a Y-combinator for recursion","id":21640422388,"from_user_id":426011,"geo":null,"iso_language_code":"en","source":"&lt;a href=&quot;http://twitter.com/&quot;&gt;web&lt;/a&gt;"},{"profile_image_url":"http://a3.twimg.com/profile_images/1079908235/borat_855_18535194_0_0_12672_300_normal.jpg","created_at":"Fri, 20 Aug 2010 05:25:19 +0000","from_user":"DEVOPS_BORAT","metadata":{"result_type":"recent"},"to_user_id":70252,"text":"@atmos congrat! When you are hand lemon, drinkup lemonade!","id":21639773906,"from_user_id":135828739,"to_user":"atmos","geo":null,"iso_language_code":"en","source":"&lt;a href=&quot;http://twitter.com/&quot;&gt;web&lt;/a&gt;"},{"profile_image_url":"http://a3.twimg.com/profile_images/1079908235/borat_855_18535194_0_0_12672_300_normal.jpg","created_at":"Fri, 20 Aug 2010 05:02:37 +0000","from_user":"DEVOPS_BORAT","metadata":{"result_type":"recent"},"to_user_id":50832527,"text":"@vambenepe not set hope too high","id":21638527103,"from_user_id":135828739,"to_user":"vambenepe","geo":null,"iso_language_code":"en","source":"&lt;a href=&quot;http://twitter.com/&quot;&gt;web&lt;/a&gt;"},{"profile_image_url":"http://a0.twimg.com/profile_images/423214772/icon-145-too-bright_normal.png","created_at":"Fri, 20 Aug 2010 04:57:43 +0000","from_user":"vambenepe","metadata":{"result_type":"recent"},"to_user_id":135828739,"text":"@DEVOPS_BORAT And apparently it also improved your knowledge of the English grammar. #openstack has many benefits!","id":21638244639,"from_user_id":50832527,"to_user":"DEVOPS_BORAT","geo":null,"iso_language_code":"en","source":"&lt;a href=&quot;http://www.echofon.com/&quot; rel=&quot;nofollow&quot;&gt;Echofon&lt;/a&gt;"},{"profile_image_url":"http://a3.twimg.com/profile_images/1079908235/borat_855_18535194_0_0_12672_300_normal.jpg","created_at":"Fri, 20 Aug 2010 04:50:59 +0000","from_user":"DEVOPS_BORAT","metadata":{"result_type":"recent"},"to_user_id":null,"text":"They laughed when I sat down to learn #openstack. But when I started to implement private/hybrid/public cloud!","id":21637875803,"from_user_id":135828739,"geo":null,"iso_language_code":"en","source":"&lt;a href=&quot;http://twitter.com/&quot;&gt;web&lt;/a&gt;"}],"max_id":21640422388,"since_id":21634396140,"refresh_url":"?since_id=21640422388&q=devops_borat","total":5,"results_per_page":100,"page":1,"completed_in":0.028664,"query":"devops_borat"}