{"results":[{"profile_image_url":"http://a0.twimg.com/profile_images/552875404/hugo_buriel_medium_normal.png","created_at":"Sat, 11 Sep 2010 07:24:20 +0000","from_user":"BurielWebwerx","metadata":{"result_type":"recent"},"to_user_id":null,"text":"Developer extraordinaires: @WezPyke @Squega @Wnemay @w00fz @cpojer @d_mitar @DEVOPS_BORAT @FuzzYspo0N #ff","id":24176481885,"from_user_id":11369434,"geo":null,"iso_language_code":"fr","source":"&lt;a href=&quot;http://twitter.com/&quot;&gt;web&lt;/a&gt;"}],"max_id":24176481885,"since_id":24169251315,"refresh_url":"?since_id=24176481885&q=devops_borat","total":1,"results_per_page":100,"page":1,"completed_in":0.023303,"query":"devops_borat"}