{"results":[{"profile_image_url":"http://a3.twimg.com/profile_images/1079908235/borat_855_18535194_0_0_12672_300_normal.jpg","created_at":"Fri, 20 Aug 2010 15:23:23 +0000","from_user":"DEVOPS_BORAT","metadata":{"result_type":"recent"},"to_user_id":null,"text":"In NoSQL evaluation I do for Kazakhstan govt is very close race between Redis of Basho and CouchDB of 10gen.","id":21672594185,"from_user_id":135828739,"geo":null,"iso_language_code":"en","source":"&lt;a href=&quot;http://twitter.com/&quot;&gt;web&lt;/a&gt;"}],"max_id":21672594185,"since_id":21662266604,"refresh_url":"?since_id=21672594185&q=devops_borat","total":1,"results_per_page":100,"page":1,"completed_in":0.043484,"query":"devops_borat"}