{"results":[{"profile_image_url":"http://a2.twimg.com/profile_images/140320546/dmz1_normal.png","created_at":"Mon, 23 Aug 2010 03:49:28 +0000","from_user":"dmz006","metadata":{"result_type":"recent"},"to_user_id":135828739,"text":"@DEVOPS_BORAT yeah, I answered myself 30 sec after I asked, thx","id":21884157840,"from_user_id":3001762,"to_user":"DEVOPS_BORAT","geo":null,"iso_language_code":"en","source":"&lt;a href=&quot;http://mobile.twitter.com&quot; rel=&quot;nofollow&quot;&gt;Twitter for Android&lt;/a&gt;"},{"profile_image_url":"http://a3.twimg.com/profile_images/1079908235/borat_855_18535194_0_0_12672_300_normal.jpg","created_at":"Mon, 23 Aug 2010 03:41:23 +0000","from_user":"DEVOPS_BORAT","metadata":{"result_type":"recent"},"to_user_id":3001762,"text":"@dmz006 CloudAudit is standard body for 6 Asses API. Look on cloudaudit.org for detail. Is very easy understand, is nothing there.","id":21883656371,"from_user_id":135828739,"to_user":"dmz006","geo":null,"iso_language_code":"en","source":"&lt;a href=&quot;http://mobile.twitter.com&quot; rel=&quot;nofollow&quot;&gt;Mobile Web&lt;/a&gt;"},{"profile_image_url":"http://a3.twimg.com/profile_images/1079908235/borat_855_18535194_0_0_12672_300_normal.jpg","created_at":"Mon, 23 Aug 2010 02:49:37 +0000","from_user":"DEVOPS_BORAT","metadata":{"result_type":"recent"},"to_user_id":586056,"text":"@georgevhulme @GeorgeReese good news! We are implement CloudAudit for Kazakhstan govt private cloud. We are start with A #4: ASSES","id":21880317789,"from_user_id":135828739,"to_user":"GeorgeVHulme","geo":null,"iso_language_code":"en","source":"&lt;a href=&quot;http://mobile.twitter.com&quot; rel=&quot;nofollow&quot;&gt;Mobile Web&lt;/a&gt;"}],"max_id":21884157840,"since_id":21873114273,"refresh_url":"?since_id=21884157840&q=devops_borat","total":3,"results_per_page":100,"page":1,"completed_in":0.030105,"query":"devops_borat"}