{"results":[{"profile_image_url":"http://a3.twimg.com/profile_images/1079908235/borat_855_18535194_0_0_12672_300_normal.jpg","created_at":"Sat, 21 Aug 2010 21:32:10 +0000","from_user":"DEVOPS_BORAT","metadata":{"result_type":"recent"},"to_user_id":43478024,"text":"@xagile you are confuse. You not need puny microwave oven in 1st place. Is need think big as industrial forge. Is how empire is win.","id":21778811496,"from_user_id":135828739,"to_user":"xagile","geo":null,"iso_language_code":"en","source":"&lt;a href=&quot;http://mobile.twitter.com&quot; rel=&quot;nofollow&quot;&gt;Mobile Web&lt;/a&gt;"},{"profile_image_url":"http://a2.twimg.com/profile_images/851499198/shiny_normal.jpg","created_at":"Sat, 21 Aug 2010 21:26:58 +0000","from_user":"xagile","metadata":{"result_type":"recent"},"to_user_id":135828739,"text":"@DEVOPS_BORAT yes, but if you write Java code in the style of C it is like putting metal pans in your microwave","id":21778523306,"from_user_id":43478024,"to_user":"DEVOPS_BORAT","geo":null,"iso_language_code":"en","source":"&lt;a href=&quot;http://www.nambu.com/&quot; rel=&quot;nofollow&quot;&gt;Nambu&lt;/a&gt;"},{"profile_image_url":"http://a3.twimg.com/profile_images/1038752959/Secret_Squirrel_normal.gif","created_at":"Sat, 21 Aug 2010 20:38:53 +0000","from_user":"Beaker","metadata":{"result_type":"recent"},"to_user_id":null,"text":"RT @DEVOPS_BORAT: @GeorgeReese you are remind me of geraldo, kazakhstan version.","id":21775954907,"from_user_id":20016,"geo":null,"iso_language_code":"nl","source":"&lt;a href=&quot;http://twitter.com&quot; rel=&quot;nofollow&quot;&gt;Tweetie for Mac&lt;/a&gt;"},{"profile_image_url":"http://a3.twimg.com/profile_images/662225987/Me-and-Kyra_normal.jpg","created_at":"Sat, 21 Aug 2010 20:35:31 +0000","from_user":"GeorgeReese","metadata":{"result_type":"recent"},"to_user_id":null,"text":"I'm not hairy enough -&gt; RT @DEVOPS_BORAT: @GeorgeReese you are remind me of geraldo, kazakhstan version.","id":21775783964,"from_user_id":45971,"geo":null,"iso_language_code":"en","source":"&lt;a href=&quot;http://www.tweetdeck.com&quot; rel=&quot;nofollow&quot;&gt;TweetDeck&lt;/a&gt;"},{"profile_image_url":"http://a3.twimg.com/profile_images/1079908235/borat_855_18535194_0_0_12672_300_normal.jpg","created_at":"Sat, 21 Aug 2010 20:34:19 +0000","from_user":"DEVOPS_BORAT","metadata":{"result_type":"recent"},"to_user_id":45971,"text":"@GeorgeReese you are remind me of geraldo, kazakhstan version.","id":21775721244,"from_user_id":135828739,"to_user":"GeorgeReese","geo":null,"iso_language_code":"en","source":"&lt;a href=&quot;http://twitter.com/&quot;&gt;web&lt;/a&gt;"},{"profile_image_url":"http://a3.twimg.com/profile_images/1079908235/borat_855_18535194_0_0_12672_300_normal.jpg","created_at":"Sat, 21 Aug 2010 20:32:32 +0000","from_user":"DEVOPS_BORAT","metadata":{"result_type":"recent"},"to_user_id":21383,"text":"@moonpolysoft is right. This devops_shit_cloud_borat_evangelist thing is get old. I am think retire while on top.","id":21775626749,"from_user_id":135828739,"to_user":"moonpolysoft","geo":null,"iso_language_code":"en","source":"&lt;a href=&quot;http://twitter.com/&quot;&gt;web&lt;/a&gt;"},{"profile_image_url":"http://a2.twimg.com/profile_images/1102888950/samj_bigger_smaller_normal.jpg","created_at":"Sat, 21 Aug 2010 20:26:25 +0000","from_user":"samj","metadata":{"result_type":"recent"},"to_user_id":null,"text":"RT @DEVOPS_BORAT @Beaker I am not able parse reply from you. You take drug?","id":21775310784,"from_user_id":1203217,"geo":null,"iso_language_code":"en","source":"&lt;a href=&quot;http://www.tweetdeck.com&quot; rel=&quot;nofollow&quot;&gt;TweetDeck&lt;/a&gt;"},{"profile_image_url":"http://a3.twimg.com/profile_images/1079908235/borat_855_18535194_0_0_12672_300_normal.jpg","created_at":"Sat, 21 Aug 2010 20:24:42 +0000","from_user":"DEVOPS_BORAT","metadata":{"result_type":"recent"},"to_user_id":20016,"text":"@Beaker I am not able parse reply from you. You take drug?","id":21775219471,"from_user_id":135828739,"to_user":"Beaker","geo":null,"iso_language_code":"en","source":"&lt;a href=&quot;http://twitter.com/&quot;&gt;web&lt;/a&gt;"},{"profile_image_url":"http://a3.twimg.com/profile_images/1079908235/borat_855_18535194_0_0_12672_300_normal.jpg","created_at":"Sat, 21 Aug 2010 20:14:28 +0000","from_user":"DEVOPS_BORAT","metadata":{"result_type":"recent"},"to_user_id":null,"text":"In Kazakhstan #devops training is like military. First need get humiliated broken spirit by use Windows, then become real man of Unix.","id":21774688732,"from_user_id":135828739,"geo":null,"iso_language_code":"en","source":"&lt;a href=&quot;http://twitter.com/&quot;&gt;web&lt;/a&gt;"}],"max_id":21778811496,"since_id":21770692059,"refresh_url":"?since_id=21778811496&q=devops_borat","total":9,"results_per_page":100,"page":1,"completed_in":0.513475,"query":"devops_borat"}