{"results":[{"profile_image_url":"http://a2.twimg.com/profile_images/366779254/obfuscurity-twitter_normal.png","created_at":"Sat, 21 Aug 2010 02:40:20 +0000","from_user":"obfuscurity","metadata":{"result_type":"recent"},"to_user_id":135828739,"text":"@DEVOPS_BORAT @opscode Oh, I got my password.  I was just pointing out that those features are missing.","id":21715253877,"from_user_id":49028820,"to_user":"DEVOPS_BORAT","geo":null,"iso_language_code":"en","source":"&lt;a href=&quot;http://itunes.apple.com/app/twitter/id333903271?mt=8&quot; rel=&quot;nofollow&quot;&gt;Twitter for iPhone&lt;/a&gt;"},{"profile_image_url":"http://a3.twimg.com/profile_images/1079908235/borat_855_18535194_0_0_12672_300_normal.jpg","created_at":"Sat, 21 Aug 2010 02:17:37 +0000","from_user":"DEVOPS_BORAT","metadata":{"result_type":"recent"},"to_user_id":null,"text":"Less know truth of programming: if you never program in C are jump direct to Java is like you never learn cook you only heat microwave.","id":21713745440,"from_user_id":135828739,"geo":null,"iso_language_code":"en","source":"&lt;a href=&quot;http://twitter.com/&quot;&gt;web&lt;/a&gt;"},{"profile_image_url":"http://a3.twimg.com/profile_images/1079908235/borat_855_18535194_0_0_12672_300_normal.jpg","created_at":"Sat, 21 Aug 2010 02:16:12 +0000","from_user":"DEVOPS_BORAT","metadata":{"result_type":"recent"},"to_user_id":44894,"text":"@mperham in Kazakhstan neckbeard is only for show sign manhood. Of Unix skill we have 1 day of prove how implement Apache in bash.","id":21713652119,"from_user_id":135828739,"to_user":"mperham","geo":null,"iso_language_code":"en","source":"&lt;a href=&quot;http://twitter.com/&quot;&gt;web&lt;/a&gt;"}],"max_id":21716538178,"since_id":21711854638,"refresh_url":"?since_id=21716538178&q=devops_borat","total":3,"results_per_page":100,"page":1,"completed_in":0.032416,"query":"devops_borat"}