{"results":[{"profile_image_url":"http://a3.twimg.com/profile_images/1079908235/borat_855_18535194_0_0_12672_300_normal.jpg","created_at":"Sun, 22 Aug 2010 20:58:29 +0000","from_user":"DEVOPS_BORAT","metadata":{"result_type":"recent"},"to_user_id":null,"text":"Law of the elastic: in #devops is nothing as hard as can not be solve with 25 more cloud instance.","id":21857882959,"from_user_id":135828739,"geo":null,"iso_language_code":"en","source":"&lt;a href=&quot;http://mobile.twitter.com&quot; rel=&quot;nofollow&quot;&gt;Mobile Web&lt;/a&gt;"},{"profile_image_url":"http://a3.twimg.com/profile_images/362414023/n809676_30991415_5620_normal.jpg","created_at":"Sun, 22 Aug 2010 20:41:40 +0000","from_user":"kchodorow","metadata":{"result_type":"recent"},"to_user_id":135828739,"text":"@DEVOPS_BORAT awesome, we'll add kazakhistan to production deployments page. couch has always been a key factor in mongo's success","id":21856898176,"from_user_id":11479441,"to_user":"DEVOPS_BORAT","geo":null,"iso_language_code":"en","source":"&lt;a href=&quot;http://twitter.com/&quot;&gt;web&lt;/a&gt;"}],"max_id":21857972970,"since_id":21851021854,"refresh_url":"?since_id=21857972970&q=devops_borat","total":2,"results_per_page":100,"page":1,"completed_in":0.045045,"query":"devops_borat"}