{"results":[{"profile_image_url":"http://a0.twimg.com/profile_images/970661124/coda_normal.jpg","created_at":"Sat, 11 Sep 2010 09:01:46 +0000","from_user":"D_mitar","metadata":{"result_type":"recent"},"to_user_id":69949936,"text":"@daminetreg you should ask @DEVOPS_BORAT probably.","id":24180690873,"from_user_id":3757457,"to_user":"daminetreg","geo":null,"iso_language_code":"en","source":"&lt;a href=&quot;http://www.tweetdeck.com&quot; rel=&quot;nofollow&quot;&gt;TweetDeck&lt;/a&gt;"}],"max_id":24180690873,"since_id":24176481885,"refresh_url":"?since_id=24180690873&q=devops_borat","total":1,"results_per_page":100,"page":1,"completed_in":0.028053,"query":"devops_borat"}