{"results":[{"profile_image_url":"http://a3.twimg.com/profile_images/1079908235/borat_855_18535194_0_0_12672_300_normal.jpg","created_at":"Sat, 21 Aug 2010 17:47:34 +0000","from_user":"DEVOPS_BORAT","metadata":{"result_type":"recent"},"to_user_id":13193522,"text":"@bitfield genkuie info on why puppet is best. One question: how many server you deployed with puppet vs chef?","id":21766495545,"from_user_id":135828739,"to_user":"bitfield","geo":null,"iso_language_code":"en","source":"&lt;a href=&quot;http://mobile.twitter.com&quot; rel=&quot;nofollow&quot;&gt;Mobile Web&lt;/a&gt;"},{"profile_image_url":"http://a3.twimg.com/profile_images/547460187/me_normal.jpg","created_at":"Sat, 21 Aug 2010 17:42:51 +0000","from_user":"bitfield","metadata":{"result_type":"recent"},"to_user_id":null,"text":"BTW @DEVOPS_BORAT the article points out that you can use Ruby to write Puppet manifests. http://bitfieldconsulting.com/puppet-vs-chef","id":21766202936,"from_user_id":13193522,"geo":null,"iso_language_code":"en","source":"&lt;a href=&quot;http://twitter.com&quot; rel=&quot;nofollow&quot;&gt;Tweetie for Mac&lt;/a&gt;"},{"profile_image_url":"http://a3.twimg.com/profile_images/1038752959/Secret_Squirrel_normal.gif","created_at":"Sat, 21 Aug 2010 17:22:06 +0000","from_user":"Beaker","metadata":{"result_type":"recent"},"to_user_id":null,"text":"Dear @DEVOPS_BORAT I know your boat sunk in safe harbor and we wait for coupon. Two-for-one sales make Cloud sense sexy-like.","id":21764890022,"from_user_id":20016,"geo":null,"iso_language_code":"en","source":"&lt;a href=&quot;http://twitter.com&quot; rel=&quot;nofollow&quot;&gt;Tweetie for Mac&lt;/a&gt;"},{"profile_image_url":"http://a3.twimg.com/profile_images/1079908235/borat_855_18535194_0_0_12672_300_normal.jpg","created_at":"Sat, 21 Aug 2010 17:16:05 +0000","from_user":"DEVOPS_BORAT","metadata":{"result_type":"recent"},"to_user_id":20016,"text":"@Beaker as Cisco/cloud expert you predict Cisco buy VMWare or VMWare buy Cisco? I need know for Kazakhstan govt cloud strategy.","id":21764497984,"from_user_id":135828739,"to_user":"Beaker","geo":null,"iso_language_code":"en","source":"&lt;a href=&quot;http://mobile.twitter.com&quot; rel=&quot;nofollow&quot;&gt;Mobile Web&lt;/a&gt;"},{"profile_image_url":"http://a3.twimg.com/profile_images/1079908235/borat_855_18535194_0_0_12672_300_normal.jpg","created_at":"Sat, 21 Aug 2010 17:09:22 +0000","from_user":"DEVOPS_BORAT","metadata":{"result_type":"recent"},"to_user_id":1532327,"text":"@michaelbolton is good then. Make sure all server are happy like that. If need job after we have many opening in Astana.","id":21764105464,"from_user_id":135828739,"to_user":"michaelbolton","geo":null,"iso_language_code":"en","source":"&lt;a href=&quot;http://mobile.twitter.com&quot; rel=&quot;nofollow&quot;&gt;Mobile Web&lt;/a&gt;"},{"profile_image_url":"http://a3.twimg.com/profile_images/276084243/mb_headshot_informal_square_normal.JPG","created_at":"Sat, 21 Aug 2010 16:56:35 +0000","from_user":"michaelbolton","metadata":{"result_type":"recent"},"to_user_id":135828739,"text":"@DEVOPS_BORAT I did. It went into an endless loop, 100% utilization.  It seemed happy, but didn't have time to answer the question.","id":21763227257,"from_user_id":1532327,"to_user":"DEVOPS_BORAT","geo":null,"iso_language_code":"en","source":"&lt;a href=&quot;http://www.tweetdeck.com&quot; rel=&quot;nofollow&quot;&gt;TweetDeck&lt;/a&gt;"},{"profile_image_url":"http://a3.twimg.com/profile_images/1079908235/borat_855_18535194_0_0_12672_300_normal.jpg","created_at":"Sat, 21 Aug 2010 16:54:49 +0000","from_user":"DEVOPS_BORAT","metadata":{"result_type":"recent"},"to_user_id":1532327,"text":"@michaelbolton you are not #devops if think metrics not legitimate on own. Try ask server why it is think CPU 100% not good for itself.","id":21763107198,"from_user_id":135828739,"to_user":"michaelbolton","geo":null,"iso_language_code":"en","source":"&lt;a href=&quot;http://twitter.com/&quot;&gt;web&lt;/a&gt;"},{"profile_image_url":"http://a1.twimg.com/profile_images/916556865/andre_normal.jpg","created_at":"Sat, 21 Aug 2010 16:25:27 +0000","from_user":"deferraz","metadata":{"result_type":"recent"},"to_user_id":null,"text":"RT @DEVOPS_BORAT: In Kazakhstan we not use foursquare places because is go against old tradition of use dog urine when check in new place.","id":21761063626,"from_user_id":86440,"geo":null,"iso_language_code":"en","source":"&lt;a href=&quot;http://twitter.com&quot; rel=&quot;nofollow&quot;&gt;Tweetie for Mac&lt;/a&gt;"},{"profile_image_url":"http://a3.twimg.com/profile_images/1079908235/borat_855_18535194_0_0_12672_300_normal.jpg","created_at":"Sat, 21 Aug 2010 16:23:40 +0000","from_user":"DEVOPS_BORAT","metadata":{"result_type":"recent"},"to_user_id":null,"text":"In Kazakhstan we not use foursquare/gowalla/facebook places because is go against old tradition of use dog urine when check in new place.","id":21760935058,"from_user_id":135828739,"geo":null,"iso_language_code":"en","source":"&lt;a href=&quot;http://twitter.com/&quot;&gt;web&lt;/a&gt;"},{"profile_image_url":"http://a3.twimg.com/profile_images/1079908235/borat_855_18535194_0_0_12672_300_normal.jpg","created_at":"Sat, 21 Aug 2010 16:20:22 +0000","from_user":"DEVOPS_BORAT","metadata":{"result_type":"recent"},"to_user_id":49028820,"text":"@obfuscurity @bitfield is easy comparison chef vs. puppet. Chef is use Ruby turing complete language; puppet is use puppet.","id":21760698342,"from_user_id":135828739,"to_user":"obfuscurity","geo":null,"iso_language_code":"en","source":"&lt;a href=&quot;http://twitter.com/&quot;&gt;web&lt;/a&gt;"}],"max_id":21766495545,"since_id":21754961843,"refresh_url":"?since_id=21766495545&q=devops_borat","total":10,"results_per_page":100,"page":1,"completed_in":0.052283,"query":"devops_borat"}