{"results":[{"profile_image_url":"http://a1.twimg.com/profile_images/686947777/4MAWRLRBGATCWYGX_normal.png","created_at":"Wed, 29 Sep 2010 05:24:09 +0000","from_user":"fnj","metadata":{"result_type":"recent"},"to_user_id":null,"text":"OH: &quot;What do you mean, 'familiar?' -- I'm on a first name basis with @DevOps_Borat!&quot;","id":25856731669,"from_user_id":1158808,"geo":null,"iso_language_code":"en","source":"&lt;a href=&quot;http://twitter.com/&quot;&gt;web&lt;/a&gt;"}],"max_id":25856731669,"since_id":25847464174,"refresh_url":"?since_id=25856731669&q=devops_borat","total":1,"results_per_page":100,"page":1,"completed_in":0.029708,"query":"devops_borat"}