{"results":[{"profile_image_url":"http://a0.twimg.com/profile_images/709676644/Screen_shot_2010-02-21_at_5.01.35_PM_normal.png","created_at":"Sun, 29 Aug 2010 23:39:50 +0000","from_user":"tkolsto","metadata":{"result_type":"recent"},"to_user_id":null,"text":"RT @DEVOPS_BORAT Law of the elastic: in #devops is nothing as hard as can not be solve with 25 more cloud instance.","id":22477131306,"from_user_id":21771444,"geo":null,"iso_language_code":"en","source":"&lt;a href=&quot;http://twitter.com/&quot;&gt;web&lt;/a&gt;"},{"profile_image_url":"http://a3.twimg.com/profile_images/1038752959/Secret_Squirrel_normal.gif","created_at":"Sun, 29 Aug 2010 22:10:11 +0000","from_user":"Beaker","metadata":{"result_type":"recent"},"to_user_id":null,"text":"RT @cshanklin: I've never seen @CloudDouche and @DevOps_Borat in the same room #suspicious &lt; both wear disturbing swimwear. Don't ask.","id":22471342899,"from_user_id":20016,"geo":null,"iso_language_code":"en","source":"&lt;a href=&quot;http://www.echofon.com/&quot; rel=&quot;nofollow&quot;&gt;Echofon&lt;/a&gt;"},{"profile_image_url":"http://a3.twimg.com/profile_images/856113535/pirobot_normal.png","created_at":"Sun, 29 Aug 2010 22:05:52 +0000","from_user":"cshanklin","metadata":{"result_type":"recent"},"to_user_id":null,"text":"I've never seen @CloudDouche and @DevOps_Borat in the same room #suspicious","id":22471065620,"from_user_id":694383,"geo":null,"iso_language_code":"en","source":"&lt;a href=&quot;http://twitter.com/&quot;&gt;web&lt;/a&gt;"}],"max_id":22477131306,"since_id":22466970394,"refresh_url":"?since_id=22477131306&q=devops_borat","total":3,"results_per_page":100,"page":1,"completed_in":0.024949,"query":"devops_borat"}