{"results":[{"profile_image_url":"http://a2.twimg.com/profile_images/1000667490/lucindo100x100_normal.jpg","created_at":"Sat, 21 Aug 2010 15:04:14 +0000","from_user":"rlucindo","metadata":{"result_type":"recent"},"to_user_id":null,"text":"\u201c@DEVOPS_BORAT: Less know truth of programming: is not matter if use events or threads. Database is bottleneck.\u201d","id":21754961843,"from_user_id":285314,"geo":null,"iso_language_code":"en","source":"&lt;a href=&quot;http://twitter.com/&quot; rel=&quot;nofollow&quot;&gt;Twitter for iPhone&lt;/a&gt;"},{"profile_image_url":"http://a1.twimg.com/profile_images/571447421/toba_twitter_avatar_normal.jpg","created_at":"Sat, 21 Aug 2010 15:02:04 +0000","from_user":"toba","metadata":{"result_type":"recent"},"to_user_id":null,"text":"RT @DEVOPS_BORAT: Less know truth of programming: is not matter if use events or threads. Database is bottleneck.","id":21754791680,"from_user_id":42908,"geo":null,"iso_language_code":"en","source":"&lt;a href=&quot;http://mauku.henrikhedberg.com&quot; rel=&quot;nofollow&quot;&gt;Mauku&lt;/a&gt;"},{"profile_image_url":"http://a3.twimg.com/profile_images/1079908235/borat_855_18535194_0_0_12672_300_normal.jpg","created_at":"Sat, 21 Aug 2010 14:42:56 +0000","from_user":"DEVOPS_BORAT","metadata":{"result_type":"recent"},"to_user_id":null,"text":"Less know truth of programming: is not matter if use events or threads. Database is bottleneck.","id":21753377617,"from_user_id":135828739,"geo":null,"iso_language_code":"en","source":"&lt;a href=&quot;http://twitter.com/&quot;&gt;web&lt;/a&gt;"}],"max_id":21754961843,"since_id":21749941850,"refresh_url":"?since_id=21754961843&q=devops_borat","total":3,"results_per_page":100,"page":1,"completed_in":0.033793,"query":"devops_borat"}