{"results":[{"profile_image_url":"http://a0.twimg.com/profile_images/447831260/3954490120_5862af1a60_b_normal.jpg","created_at":"Wed, 22 Sep 2010 15:46:10 +0000","from_user":"themcgruff","metadata":{"result_type":"recent"},"to_user_id":null,"text":"Twitter recommends I follow @devops_borat.  Ha!","id":25222717944,"from_user_id":138940,"geo":null,"iso_language_code":"en","source":"&lt;a href=&quot;http://twitter.com/&quot;&gt;web&lt;/a&gt;"}],"max_id":25222717944,"since_id":25208922864,"refresh_url":"?since_id=25222717944&q=devops_borat","total":1,"results_per_page":100,"page":1,"completed_in":0.019023,"query":"devops_borat"}