{"results":[{"profile_image_url":"http://a1.twimg.com/profile_images/180727117/Simon_normal.jpg","created_at":"Thu, 19 Aug 2010 08:08:07 +0000","from_user":"swardley","metadata":{"result_type":"recent"},"to_user_id":135828739,"text":"@DEVOPS_BORAT: Can you convert roll-out diagram into 300 slide presentation, so that I can understand it?","id":21560383471,"from_user_id":90351,"to_user":"DEVOPS_BORAT","geo":null,"iso_language_code":"en","source":"&lt;a href=&quot;http://www.tweetdeck.com&quot; rel=&quot;nofollow&quot;&gt;TweetDeck&lt;/a&gt;"},{"profile_image_url":"http://a1.twimg.com/profile_images/180727117/Simon_normal.jpg","created_at":"Thu, 19 Aug 2010 07:37:30 +0000","from_user":"swardley","metadata":{"result_type":"recent"},"to_user_id":null,"text":"Very funny -&gt; RT @DEVOPS_BORAT: Of course cloud is like virtual data center! Is only difference you can not able see rack &amp; press power off.","id":21559044653,"from_user_id":90351,"geo":null,"iso_language_code":"en","source":"&lt;a href=&quot;http://www.tweetdeck.com&quot; rel=&quot;nofollow&quot;&gt;TweetDeck&lt;/a&gt;"},{"profile_image_url":"http://a1.twimg.com/profile_images/180727117/Simon_normal.jpg","created_at":"Thu, 19 Aug 2010 07:33:28 +0000","from_user":"swardley","metadata":{"result_type":"recent"},"to_user_id":null,"text":"Very funny -&gt; RT @DEVOPS_BORAT: @swardley also please feed back cloud rollout diagram -  http://bit.ly/bNWRC4","id":21558862976,"from_user_id":90351,"geo":null,"iso_language_code":"en","source":"&lt;a href=&quot;http://www.tweetdeck.com&quot; rel=&quot;nofollow&quot;&gt;TweetDeck&lt;/a&gt;"},{"profile_image_url":"http://a0.twimg.com/profile_images/423214772/icon-145-too-bright_normal.png","created_at":"Thu, 19 Aug 2010 03:40:41 +0000","from_user":"vambenepe","metadata":{"result_type":"recent"},"to_user_id":135828739,"text":"@DEVOPS_BORAT So you read the title and the first sentence! I am honored, truly. :-)","id":21546578748,"from_user_id":50832527,"to_user":"DEVOPS_BORAT","geo":null,"iso_language_code":"en","source":"&lt;a href=&quot;http://www.echofon.com/&quot; rel=&quot;nofollow&quot;&gt;Echofon&lt;/a&gt;"},{"profile_image_url":"http://a3.twimg.com/profile_images/1079908235/borat_855_18535194_0_0_12672_300_normal.jpg","created_at":"Thu, 19 Aug 2010 03:35:13 +0000","from_user":"DEVOPS_BORAT","metadata":{"result_type":"recent"},"to_user_id":45971,"text":"@GeorgeReese YOU LIKE? If you can offer advice hybrid cloud I would like enhance it.","id":21546208320,"from_user_id":135828739,"to_user":"GeorgeReese","geo":null,"iso_language_code":"en","source":"&lt;a href=&quot;http://twitter.com/&quot;&gt;web&lt;/a&gt;"},{"profile_image_url":"http://a3.twimg.com/profile_images/662225987/Me-and-Kyra_normal.jpg","created_at":"Thu, 19 Aug 2010 03:33:37 +0000","from_user":"GeorgeReese","metadata":{"result_type":"recent"},"to_user_id":135828739,"text":"@DEVOPS_BORAT Excellent diagram.","id":21546101902,"from_user_id":45971,"to_user":"DEVOPS_BORAT","geo":null,"iso_language_code":"fr","source":"&lt;a href=&quot;http://www.tweetdeck.com&quot; rel=&quot;nofollow&quot;&gt;TweetDeck&lt;/a&gt;"},{"profile_image_url":"http://a3.twimg.com/profile_images/1079908235/borat_855_18535194_0_0_12672_300_normal.jpg","created_at":"Thu, 19 Aug 2010 03:33:37 +0000","from_user":"DEVOPS_BORAT","metadata":{"result_type":"recent"},"to_user_id":50832527,"text":"@vambenepe I enjoy your blog post on Mesopotamia. One correction: Microsoft is not Singapore, is Kazakhstan of cloud computing.","id":21546101795,"from_user_id":135828739,"to_user":"vambenepe","geo":null,"iso_language_code":"en","source":"&lt;a href=&quot;http://twitter.com/&quot;&gt;web&lt;/a&gt;"},{"profile_image_url":"http://a3.twimg.com/profile_images/1079908235/borat_855_18535194_0_0_12672_300_normal.jpg","created_at":"Thu, 19 Aug 2010 03:28:15 +0000","from_user":"DEVOPS_BORAT","metadata":{"result_type":"recent"},"to_user_id":null,"text":"Not forget send fan mail to devopsborat _at_ yahoo _dot_ com. I &lt;3 YAHOO!","id":21545734239,"from_user_id":135828739,"geo":null,"iso_language_code":"en","source":"&lt;a href=&quot;http://twitter.com/&quot;&gt;web&lt;/a&gt;"},{"profile_image_url":"http://a3.twimg.com/profile_images/1079908235/borat_855_18535194_0_0_12672_300_normal.jpg","created_at":"Thu, 19 Aug 2010 03:16:34 +0000","from_user":"DEVOPS_BORAT","metadata":{"result_type":"recent"},"to_user_id":45971,"text":"@GeorgeReese http://bit.ly/bNWRC4","id":21544940084,"from_user_id":135828739,"to_user":"GeorgeReese","geo":null,"iso_language_code":"de","source":"&lt;a href=&quot;http://twitter.com/&quot;&gt;web&lt;/a&gt;"},{"profile_image_url":"http://a3.twimg.com/profile_images/662225987/Me-and-Kyra_normal.jpg","created_at":"Thu, 19 Aug 2010 03:14:30 +0000","from_user":"GeorgeReese","metadata":{"result_type":"recent"},"to_user_id":135828739,"text":"@DEVOPS_BORAT Cloud rollout diagram?","id":21544793980,"from_user_id":45971,"to_user":"DEVOPS_BORAT","geo":null,"iso_language_code":"fr","source":"&lt;a href=&quot;http://www.tweetdeck.com&quot; rel=&quot;nofollow&quot;&gt;TweetDeck&lt;/a&gt;"},{"profile_image_url":"http://a3.twimg.com/profile_images/1079908235/borat_855_18535194_0_0_12672_300_normal.jpg","created_at":"Thu, 19 Aug 2010 03:11:09 +0000","from_user":"DEVOPS_BORAT","metadata":{"result_type":"recent"},"to_user_id":90351,"text":"@swardley also please feed back cloud rollout diagram, is also base on your work http://bit.ly/bNWRC4","id":21544559821,"from_user_id":135828739,"to_user":"swardley","geo":null,"iso_language_code":"en","source":"&lt;a href=&quot;http://twitter.com/&quot;&gt;web&lt;/a&gt;"},{"profile_image_url":"http://a3.twimg.com/profile_images/1079908235/borat_855_18535194_0_0_12672_300_normal.jpg","created_at":"Thu, 19 Aug 2010 03:10:22 +0000","from_user":"DEVOPS_BORAT","metadata":{"result_type":"recent"},"to_user_id":45971,"text":"@GeorgeReese before go sleep please feed back cloud rollout diagram. Is base on your work.","id":21544504116,"from_user_id":135828739,"to_user":"GeorgeReese","geo":null,"iso_language_code":"en","source":"&lt;a href=&quot;http://twitter.com/&quot;&gt;web&lt;/a&gt;"},{"profile_image_url":"http://a3.twimg.com/profile_images/1079908235/borat_855_18535194_0_0_12672_300_normal.jpg","created_at":"Thu, 19 Aug 2010 03:09:10 +0000","from_user":"DEVOPS_BORAT","metadata":{"result_type":"recent"},"to_user_id":null,"text":"I have create only cloud rollout process diagram you ever need. Please feedback! http://bit.ly/bNWRC4","id":21544419258,"from_user_id":135828739,"geo":null,"iso_language_code":"en","source":"&lt;a href=&quot;http://twitter.com/&quot;&gt;web&lt;/a&gt;"},{"profile_image_url":"http://a3.twimg.com/profile_images/821758391/iStock_000006405599Small_normal.jpg","created_at":"Thu, 19 Aug 2010 01:58:32 +0000","from_user":"kamil_y","metadata":{"result_type":"recent"},"to_user_id":135828739,"text":"@DEVOPS_BORAT Need to get hired today? There is a shortcut for that :) simplest way to get a dream job http://bluxury.com/dreamjob","id":21539496102,"from_user_id":141988755,"to_user":"DEVOPS_BORAT","geo":null,"iso_language_code":"en","source":"&lt;a href=&quot;http://dev.twitter.com/&quot; rel=&quot;nofollow&quot;&gt;API&lt;/a&gt;"},{"profile_image_url":"http://a3.twimg.com/profile_images/1079908235/borat_855_18535194_0_0_12672_300_normal.jpg","created_at":"Thu, 19 Aug 2010 00:40:20 +0000","from_user":"DEVOPS_BORAT","metadata":{"result_type":"recent"},"to_user_id":95786,"text":"@philiph is pity you are not travel of train system in Kazakhstan. Are many adorable nomad couple here wear nothing play sexytime game.","id":21534258753,"from_user_id":135828739,"to_user":"philiph","geo":null,"iso_language_code":"en","source":"&lt;a href=&quot;http://twitter.com/&quot;&gt;web&lt;/a&gt;"},{"profile_image_url":"http://a3.twimg.com/profile_images/1079908235/borat_855_18535194_0_0_12672_300_normal.jpg","created_at":"Thu, 19 Aug 2010 00:36:48 +0000","from_user":"DEVOPS_BORAT","metadata":{"result_type":"recent"},"to_user_id":90351,"text":"@swardley you are confuse me. Of course cloud is like virtual data center! Is only difference you can not able see rack &amp; press power off.","id":21534025568,"from_user_id":135828739,"to_user":"swardley","geo":null,"iso_language_code":"en","source":"&lt;a href=&quot;http://twitter.com/&quot;&gt;web&lt;/a&gt;"},{"profile_image_url":"http://a1.twimg.com/profile_images/180727117/Simon_normal.jpg","created_at":"Thu, 19 Aug 2010 00:31:09 +0000","from_user":"swardley","metadata":{"result_type":"recent"},"to_user_id":135828739,"text":"@DEVOPS_BORAT : I'd be honoured. You want me to start giving BS cloud advice now? OK, cloud is just like a virtual data centre.","id":21533646824,"from_user_id":90351,"to_user":"DEVOPS_BORAT","geo":null,"iso_language_code":"en","source":"&lt;a href=&quot;http://www.tweetdeck.com&quot; rel=&quot;nofollow&quot;&gt;TweetDeck&lt;/a&gt;"},{"profile_image_url":"http://a3.twimg.com/profile_images/1079908235/borat_855_18535194_0_0_12672_300_normal.jpg","created_at":"Wed, 18 Aug 2010 23:52:28 +0000","from_user":"DEVOPS_BORAT","metadata":{"result_type":"recent"},"to_user_id":3820749,"text":"@cdixon we have old Kazakhstan expression for techie not in sports: http://bit.ly/8dsEG","id":21531047896,"from_user_id":135828739,"to_user":"cdixon","geo":null,"iso_language_code":"en","source":"&lt;a href=&quot;http://twitter.com/&quot;&gt;web&lt;/a&gt;"},{"profile_image_url":"http://a3.twimg.com/profile_images/1079908235/borat_855_18535194_0_0_12672_300_normal.jpg","created_at":"Wed, 18 Aug 2010 23:48:50 +0000","from_user":"DEVOPS_BORAT","metadata":{"result_type":"recent"},"to_user_id":325978,"text":"@shandrew I not know @kingjames but I need take Decision because 7 Almaty startup are want hire me. I announce on Kazakhstan TV Friday.","id":21530803540,"from_user_id":135828739,"to_user":"shandrew","geo":null,"iso_language_code":"en","source":"&lt;a href=&quot;http://twitter.com/&quot;&gt;web&lt;/a&gt;"},{"profile_image_url":"http://a3.twimg.com/profile_images/1079908235/borat_855_18535194_0_0_12672_300_normal.jpg","created_at":"Wed, 18 Aug 2010 23:47:56 +0000","from_user":"DEVOPS_BORAT","metadata":{"result_type":"recent"},"to_user_id":null,"text":"#devopsdraft for Angel VC I take @cdixon !","id":21530744462,"from_user_id":135828739,"geo":null,"iso_language_code":"no","source":"&lt;a href=&quot;http://twitter.com/&quot;&gt;web&lt;/a&gt;"},{"profile_image_url":"http://a2.twimg.com/profile_images/31016842/pandabehindbars_normal.jpg","created_at":"Wed, 18 Aug 2010 23:45:54 +0000","from_user":"shandrew","metadata":{"result_type":"recent"},"to_user_id":null,"text":"In #devopsdraft @kingjames chooses @DEVOPS_BORAT  #decision #LeBracle","id":21530609826,"from_user_id":325978,"geo":null,"iso_language_code":"fr","source":"&lt;a href=&quot;http://twitter.com/&quot;&gt;web&lt;/a&gt;"},{"profile_image_url":"http://a3.twimg.com/profile_images/1079908235/borat_855_18535194_0_0_12672_300_normal.jpg","created_at":"Wed, 18 Aug 2010 23:45:17 +0000","from_user":"DEVOPS_BORAT","metadata":{"result_type":"recent"},"to_user_id":null,"text":"After much sexytime with it, all cloud is same.","id":21530567509,"from_user_id":135828739,"geo":null,"iso_language_code":"en","source":"&lt;a href=&quot;http://twitter.com/&quot;&gt;web&lt;/a&gt;"},{"profile_image_url":"http://a1.twimg.com/profile_images/697485437/MGPhotoCropped_normal.jpg","created_at":"Wed, 18 Aug 2010 22:25:00 +0000","from_user":"garnaat","metadata":{"result_type":"recent"},"to_user_id":135828739,"text":"@DEVOPS_BORAT &quot;Please make sure start train. I am pick you during #devopsdraft at Cloud position.&quot; - The kumiss is on me next time!","id":21525295687,"from_user_id":2728025,"to_user":"DEVOPS_BORAT","geo":null,"iso_language_code":"en","source":"&lt;a href=&quot;http://twitter.com/&quot;&gt;web&lt;/a&gt;"},{"profile_image_url":"http://a3.twimg.com/profile_images/1079908235/borat_855_18535194_0_0_12672_300_normal.jpg","created_at":"Wed, 18 Aug 2010 22:10:56 +0000","from_user":"DEVOPS_BORAT","metadata":{"result_type":"recent"},"to_user_id":90351,"text":"@swardley not need camel in U S and A. If we win we are get 1 Ferrari each and 1/2 day of Pamela Anderson. You are in yes?","id":21524395899,"from_user_id":135828739,"to_user":"swardley","geo":null,"iso_language_code":"en","source":"&lt;a href=&quot;http://twitter.com/&quot;&gt;web&lt;/a&gt;"},{"profile_image_url":"http://a3.twimg.com/profile_images/1079908235/borat_855_18535194_0_0_12672_300_normal.jpg","created_at":"Wed, 18 Aug 2010 22:05:14 +0000","from_user":"DEVOPS_BORAT","metadata":{"result_type":"recent"},"to_user_id":90351,"text":"@swardley good news! I have pick you for team BORAT in #devopsdraft as Cloud Expert Consultant. Assignment is give BS advice opposite team.","id":21524035219,"from_user_id":135828739,"to_user":"swardley","geo":null,"iso_language_code":"en","source":"&lt;a href=&quot;http://twitter.com/&quot;&gt;web&lt;/a&gt;"},{"profile_image_url":"http://a3.twimg.com/profile_images/1079908235/borat_855_18535194_0_0_12672_300_normal.jpg","created_at":"Wed, 18 Aug 2010 22:00:26 +0000","from_user":"DEVOPS_BORAT","metadata":{"result_type":"recent"},"to_user_id":112281,"text":"@jamesgolick in our startup we make joke of code swallows exception silently we say it blows.","id":21523722449,"from_user_id":135828739,"to_user":"jamesgolick","geo":null,"iso_language_code":"en","source":"&lt;a href=&quot;http://twitter.com/&quot;&gt;web&lt;/a&gt;"},{"profile_image_url":"http://a1.twimg.com/profile_images/995723613/mishi2_normal.jpg","created_at":"Wed, 18 Aug 2010 21:59:01 +0000","from_user":"bitfrost","metadata":{"result_type":"recent"},"to_user_id":null,"text":"RT @freebsdgirl: @DEVOPS_BORAT FreeBSD has more womens for happy fun code time. Good for finding wife. Who wants sausage fest?","id":21523625020,"from_user_id":83158154,"geo":null,"iso_language_code":"en","source":"&lt;a href=&quot;http://www.tweetdeck.com&quot; rel=&quot;nofollow&quot;&gt;TweetDeck&lt;/a&gt;"},{"profile_image_url":"http://a3.twimg.com/profile_images/1079908235/borat_855_18535194_0_0_12672_300_normal.jpg","created_at":"Wed, 18 Aug 2010 21:58:41 +0000","from_user":"DEVOPS_BORAT","metadata":{"result_type":"recent"},"to_user_id":45971,"text":"@GeorgeReese we are not need enstratus in Kazakhstan, we are build private cloud #openstack. We can able use help budget if you are around.","id":21523603119,"from_user_id":135828739,"to_user":"GeorgeReese","geo":null,"iso_language_code":"en","source":"&lt;a href=&quot;http://twitter.com/&quot;&gt;web&lt;/a&gt;"},{"profile_image_url":"http://a3.twimg.com/profile_images/1079908235/borat_855_18535194_0_0_12672_300_normal.jpg","created_at":"Wed, 18 Aug 2010 21:56:34 +0000","from_user":"DEVOPS_BORAT","metadata":{"result_type":"recent"},"to_user_id":null,"text":"#devopsdraft team BORAT! Please make prepare for take on team @banksimple as warmup. Should be nobrainer!","id":21523467651,"from_user_id":135828739,"geo":null,"iso_language_code":"en","source":"&lt;a href=&quot;http://twitter.com/&quot;&gt;web&lt;/a&gt;"},{"profile_image_url":"http://a3.twimg.com/profile_images/1079908235/borat_855_18535194_0_0_12672_300_normal.jpg","created_at":"Wed, 18 Aug 2010 21:55:35 +0000","from_user":"DEVOPS_BORAT","metadata":{"result_type":"recent"},"to_user_id":2728025,"text":"@garnaat genkuie follow. Please make sure start train. I am pick you during #devopsdraft at Cloud position.","id":21523405341,"from_user_id":135828739,"to_user":"garnaat","geo":null,"iso_language_code":"en","source":"&lt;a href=&quot;http://twitter.com/&quot;&gt;web&lt;/a&gt;"},{"profile_image_url":"http://a2.twimg.com/profile_images/1028332554/image_normal.jpg","created_at":"Wed, 18 Aug 2010 21:48:55 +0000","from_user":"tnm8","metadata":{"result_type":"recent"},"to_user_id":135828739,"text":"@DEVOPS_BORAT honored.","id":21522968972,"from_user_id":63715744,"to_user":"DEVOPS_BORAT","geo":null,"iso_language_code":"fr","source":"&lt;a href=&quot;http://twitter.com/&quot;&gt;web&lt;/a&gt;"},{"profile_image_url":"http://a3.twimg.com/profile_images/662225987/Me-and-Kyra_normal.jpg","created_at":"Wed, 18 Aug 2010 20:43:44 +0000","from_user":"GeorgeReese","metadata":{"result_type":"recent"},"to_user_id":null,"text":"None. None from Uzbekistan either. -&gt; RT @vambenepe: @GeorgeReese What percentage from Kazakhstan? /cc @devops_borat","id":21518918784,"from_user_id":45971,"geo":null,"iso_language_code":"en","source":"&lt;a href=&quot;http://www.tweetdeck.com&quot; rel=&quot;nofollow&quot;&gt;TweetDeck&lt;/a&gt;"},{"profile_image_url":"http://a0.twimg.com/profile_images/423214772/icon-145-too-bright_normal.png","created_at":"Wed, 18 Aug 2010 20:29:18 +0000","from_user":"vambenepe","metadata":{"result_type":"recent"},"to_user_id":45971,"text":"@GeorgeReese What percentage from Kazakhstan? /cc @devops_borat","id":21518085067,"from_user_id":50832527,"to_user":"GeorgeReese","geo":null,"iso_language_code":"en","source":"&lt;a href=&quot;http://www.echofon.com/&quot; rel=&quot;nofollow&quot;&gt;Echofon&lt;/a&gt;"},{"profile_image_url":"http://a3.twimg.com/profile_images/1079908235/borat_855_18535194_0_0_12672_300_normal.jpg","created_at":"Wed, 18 Aug 2010 18:50:19 +0000","from_user":"DEVOPS_BORAT","metadata":{"result_type":"recent"},"to_user_id":124646110,"text":"@ShitMyDevOpSays is clear you are not grow up in Soviet Republic. &quot;Under contract of govt&quot; is mean you need bribe more.","id":21511985459,"from_user_id":135828739,"to_user":"ShitMyDevOpSays","geo":null,"iso_language_code":"en","source":"&lt;a href=&quot;http://mobile.twitter.com&quot; rel=&quot;nofollow&quot;&gt;Mobile Web&lt;/a&gt;"},{"profile_image_url":"http://a2.twimg.com/profile_images/982754362/twoedge_normal.jpg","created_at":"Wed, 18 Aug 2010 18:41:05 +0000","from_user":"ShitMyDevOpSays","metadata":{"result_type":"recent"},"to_user_id":null,"text":".@DEVOPS_BORAT There goes my whole strategy. Who else is off limits?","id":21511434145,"from_user_id":124646110,"geo":null,"iso_language_code":"en","source":"&lt;a href=&quot;http://twitter.com/&quot;&gt;web&lt;/a&gt;"},{"profile_image_url":"http://a3.twimg.com/profile_images/1079908235/borat_855_18535194_0_0_12672_300_normal.jpg","created_at":"Wed, 18 Aug 2010 18:33:44 +0000","from_user":"DEVOPS_BORAT","metadata":{"result_type":"recent"},"to_user_id":null,"text":"#devopsdraft at Rewrite Twitter API I take @al3x !","id":21511012549,"from_user_id":135828739,"geo":null,"iso_language_code":"no","source":"&lt;a href=&quot;http://twitter.com/&quot;&gt;web&lt;/a&gt;"},{"profile_image_url":"http://a3.twimg.com/profile_images/1079908235/borat_855_18535194_0_0_12672_300_normal.jpg","created_at":"Wed, 18 Aug 2010 18:32:21 +0000","from_user":"DEVOPS_BORAT","metadata":{"result_type":"recent"},"to_user_id":null,"text":"I am blow away nobody is pick @allspaw at #devopsdraft yet. I pick him CTO !","id":21510931479,"from_user_id":135828739,"geo":null,"iso_language_code":"en","source":"&lt;a href=&quot;http://twitter.com/&quot;&gt;web&lt;/a&gt;"},{"profile_image_url":"http://a3.twimg.com/profile_images/1079908235/borat_855_18535194_0_0_12672_300_normal.jpg","created_at":"Wed, 18 Aug 2010 18:26:18 +0000","from_user":"DEVOPS_BORAT","metadata":{"result_type":"recent"},"to_user_id":null,"text":"#devopsdraft @ShitMyDevOpSays is not possible you take @b6n. He is under contract of Kazakhstan government.","id":21510570722,"from_user_id":135828739,"geo":null,"iso_language_code":"en","source":"&lt;a href=&quot;http://twitter.com/&quot;&gt;web&lt;/a&gt;"},{"profile_image_url":"http://a1.twimg.com/profile_images/181915205/krilin_normal.jpg","created_at":"Wed, 18 Aug 2010 18:23:54 +0000","from_user":"mramos29","metadata":{"result_type":"recent"},"to_user_id":135828739,"text":"@DEVOPS_BORAT #devopsdraft at VP Ops I take you.","id":21510430237,"from_user_id":11732344,"to_user":"DEVOPS_BORAT","geo":null,"iso_language_code":"en","source":"&lt;a href=&quot;http://twidroid.com&quot; rel=&quot;nofollow&quot;&gt;twidroid&lt;/a&gt;"},{"profile_image_url":"http://a3.twimg.com/profile_images/1079908235/borat_855_18535194_0_0_12672_300_normal.jpg","created_at":"Wed, 18 Aug 2010 18:18:09 +0000","from_user":"DEVOPS_BORAT","metadata":{"result_type":"recent"},"to_user_id":null,"text":"#devopsdraft at Cloud Expert Consultant $1,250/hr I take @swardley !","id":21510090435,"from_user_id":135828739,"geo":null,"iso_language_code":"en","source":"&lt;a href=&quot;http://twitter.com/&quot;&gt;web&lt;/a&gt;"},{"profile_image_url":"http://a3.twimg.com/profile_images/1079908235/borat_855_18535194_0_0_12672_300_normal.jpg","created_at":"Wed, 18 Aug 2010 18:17:34 +0000","from_user":"DEVOPS_BORAT","metadata":{"result_type":"recent"},"to_user_id":null,"text":"#devopsdraft at CFO budgeting I take @GeorgeReese !","id":21510056045,"from_user_id":135828739,"geo":null,"iso_language_code":"da","source":"&lt;a href=&quot;http://twitter.com/&quot;&gt;web&lt;/a&gt;"},{"profile_image_url":"http://a3.twimg.com/profile_images/1079908235/borat_855_18535194_0_0_12672_300_normal.jpg","created_at":"Wed, 18 Aug 2010 18:16:50 +0000","from_user":"DEVOPS_BORAT","metadata":{"result_type":"recent"},"to_user_id":124646110,"text":"@ShitMyDevOpSays #devopsdraft game is team rewrite twitter site and make it scale no fail whale.","id":21510011359,"from_user_id":135828739,"to_user":"ShitMyDevOpSays","geo":null,"iso_language_code":"en","source":"&lt;a href=&quot;http://twitter.com/&quot;&gt;web&lt;/a&gt;"},{"profile_image_url":"http://a2.twimg.com/profile_images/108219794/Ojai_normal.jpg","created_at":"Wed, 18 Aug 2010 18:15:16 +0000","from_user":"ascalisi","metadata":{"result_type":"recent"},"to_user_id":null,"text":"RT @DEVOPS_BORAT: #devopsdraft at Web Testing I take @hugs !&lt;&lt;first round, nice work!","id":21509914174,"from_user_id":387594,"geo":null,"iso_language_code":"en","source":"&lt;a href=&quot;http://www.tweetdeck.com&quot; rel=&quot;nofollow&quot;&gt;TweetDeck&lt;/a&gt;"},{"profile_image_url":"http://a2.twimg.com/profile_images/982754362/twoedge_normal.jpg","created_at":"Wed, 18 Aug 2010 18:14:41 +0000","from_user":"ShitMyDevOpSays","metadata":{"result_type":"recent"},"to_user_id":null,"text":".@DEVOPS_BORAT I don't play games until I understand the rules. How will the league be scored? Everything is an optimization problem.","id":21509878202,"from_user_id":124646110,"geo":null,"iso_language_code":"en","source":"&lt;a href=&quot;http://twitter.com/&quot;&gt;web&lt;/a&gt;"},{"profile_image_url":"http://a3.twimg.com/profile_images/1079908235/borat_855_18535194_0_0_12672_300_normal.jpg","created_at":"Wed, 18 Aug 2010 18:12:53 +0000","from_user":"DEVOPS_BORAT","metadata":{"result_type":"recent"},"to_user_id":null,"text":"#devopsdraft at manual testing I take @michaelbolton !","id":21509771191,"from_user_id":135828739,"geo":null,"iso_language_code":"en","source":"&lt;a href=&quot;http://twitter.com/&quot;&gt;web&lt;/a&gt;"},{"profile_image_url":"http://a3.twimg.com/profile_images/1079908235/borat_855_18535194_0_0_12672_300_normal.jpg","created_at":"Wed, 18 Aug 2010 18:12:24 +0000","from_user":"DEVOPS_BORAT","metadata":{"result_type":"recent"},"to_user_id":null,"text":"#devopsdraft at Web Testing I take @hugs !","id":21509741245,"from_user_id":135828739,"geo":null,"iso_language_code":"en","source":"&lt;a href=&quot;http://twitter.com/&quot;&gt;web&lt;/a&gt;"},{"profile_image_url":"http://a0.twimg.com/profile_images/423214772/icon-145-too-bright_normal.png","created_at":"Wed, 18 Aug 2010 18:10:27 +0000","from_user":"vambenepe","metadata":{"result_type":"recent"},"to_user_id":135828739,"text":"@DEVOPS_BORAT &quot;#devopsdraft at Cloud Standards I take @vambenepe !&quot; &lt; Thanks! Team WSDM, as we'll come to be known, will rock!","id":21509605908,"from_user_id":50832527,"to_user":"DEVOPS_BORAT","geo":null,"iso_language_code":"en","source":"&lt;a href=&quot;http://www.echofon.com/&quot; rel=&quot;nofollow&quot;&gt;Echofon&lt;/a&gt;"},{"profile_image_url":"http://a3.twimg.com/profile_images/1079908235/borat_855_18535194_0_0_12672_300_normal.jpg","created_at":"Wed, 18 Aug 2010 18:09:37 +0000","from_user":"DEVOPS_BORAT","metadata":{"result_type":"recent"},"to_user_id":null,"text":"#devopsdraft at Configuration Mgmt I take @adamhjk and @puppetmasterd for pair program !","id":21509553100,"from_user_id":135828739,"geo":null,"iso_language_code":"en","source":"&lt;a href=&quot;http://twitter.com/&quot;&gt;web&lt;/a&gt;"},{"profile_image_url":"http://a3.twimg.com/profile_images/1079908235/borat_855_18535194_0_0_12672_300_normal.jpg","created_at":"Wed, 18 Aug 2010 18:07:42 +0000","from_user":"DEVOPS_BORAT","metadata":{"result_type":"recent"},"to_user_id":null,"text":"#devopsdraft at VP Engineering I take @ShitMyDevOpSays !","id":21509443136,"from_user_id":135828739,"geo":null,"iso_language_code":"en","source":"&lt;a href=&quot;http://twitter.com/&quot;&gt;web&lt;/a&gt;"},{"profile_image_url":"http://a3.twimg.com/profile_images/1079908235/borat_855_18535194_0_0_12672_300_normal.jpg","created_at":"Wed, 18 Aug 2010 18:06:38 +0000","from_user":"DEVOPS_BORAT","metadata":{"result_type":"recent"},"to_user_id":null,"text":"#devopsdraft at Cloud Standards I take @vambenepe !","id":21509381069,"from_user_id":135828739,"geo":null,"iso_language_code":"en","source":"&lt;a href=&quot;http://twitter.com/&quot;&gt;web&lt;/a&gt;"},{"profile_image_url":"http://a3.twimg.com/profile_images/1079908235/borat_855_18535194_0_0_12672_300_normal.jpg","created_at":"Wed, 18 Aug 2010 18:06:03 +0000","from_user":"DEVOPS_BORAT","metadata":{"result_type":"recent"},"to_user_id":null,"text":"#devopsdraft at Django + janitorial I take @tnm8 !","id":21509345760,"from_user_id":135828739,"geo":null,"iso_language_code":"lt","source":"&lt;a href=&quot;http://twitter.com/&quot;&gt;web&lt;/a&gt;"},{"profile_image_url":"http://a0.twimg.com/profile_images/423214772/icon-145-too-bright_normal.png","created_at":"Wed, 18 Aug 2010 18:05:38 +0000","from_user":"vambenepe","metadata":{"result_type":"recent"},"to_user_id":135828739,"text":"@DEVOPS_BORAT Ok, but @garnaat and @adrianfcole can't be in the same team. Wouldn't be fair.","id":21509321055,"from_user_id":50832527,"to_user":"DEVOPS_BORAT","geo":null,"iso_language_code":"en","source":"&lt;a href=&quot;http://www.echofon.com/&quot; rel=&quot;nofollow&quot;&gt;Echofon&lt;/a&gt;"},{"profile_image_url":"http://a3.twimg.com/profile_images/1079908235/borat_855_18535194_0_0_12672_300_normal.jpg","created_at":"Wed, 18 Aug 2010 18:05:37 +0000","from_user":"DEVOPS_BORAT","metadata":{"result_type":"recent"},"to_user_id":null,"text":"#devopsdraft at RoR I take @defunkt !","id":21509320365,"from_user_id":135828739,"geo":null,"iso_language_code":"no","source":"&lt;a href=&quot;http://twitter.com/&quot;&gt;web&lt;/a&gt;"},{"profile_image_url":"http://a3.twimg.com/profile_images/1079908235/borat_855_18535194_0_0_12672_300_normal.jpg","created_at":"Wed, 18 Aug 2010 18:04:54 +0000","from_user":"DEVOPS_BORAT","metadata":{"result_type":"recent"},"to_user_id":null,"text":"#devopsdraft at NoSQL I take @antirez !","id":21509277113,"from_user_id":135828739,"geo":null,"iso_language_code":"no","source":"&lt;a href=&quot;http://twitter.com/&quot;&gt;web&lt;/a&gt;"},{"profile_image_url":"http://a3.twimg.com/profile_images/1079908235/borat_855_18535194_0_0_12672_300_normal.jpg","created_at":"Wed, 18 Aug 2010 18:04:24 +0000","from_user":"DEVOPS_BORAT","metadata":{"result_type":"recent"},"to_user_id":null,"text":"#devopsdraft at Cloud position I take @garnaat !","id":21509247789,"from_user_id":135828739,"geo":null,"iso_language_code":"no","source":"&lt;a href=&quot;http://twitter.com/&quot;&gt;web&lt;/a&gt;"},{"profile_image_url":"http://a3.twimg.com/profile_images/426673171/escalator_normal.png","created_at":"Wed, 18 Aug 2010 17:47:56 +0000","from_user":"clofresh","metadata":{"result_type":"recent"},"to_user_id":null,"text":"awesome idea! you should make a hashtag RT @DEVOPS_BORAT: Draft of devops fantasy league open! Who are you take at NoSQL position? Cloud?...","id":21508255081,"from_user_id":50843,"geo":null,"iso_language_code":"en","source":"&lt;a href=&quot;http://www.echofon.com/&quot; rel=&quot;nofollow&quot;&gt;Echofon&lt;/a&gt;"},{"profile_image_url":"http://a3.twimg.com/profile_images/1097068919/mrt-fools_normal.jpg","created_at":"Wed, 18 Aug 2010 17:36:02 +0000","from_user":"DEVOPS_MR_T","metadata":{"result_type":"recent"},"to_user_id":135828739,"text":"@DEVOPS_BORAT I'll CTO your scrappy team of devops for hire.","id":21507500749,"from_user_id":142440497,"to_user":"DEVOPS_BORAT","geo":null,"iso_language_code":"en","source":"&lt;a href=&quot;http://twitter.com/&quot;&gt;web&lt;/a&gt;"},{"profile_image_url":"http://a3.twimg.com/profile_images/1079908235/borat_855_18535194_0_0_12672_300_normal.jpg","created_at":"Wed, 18 Aug 2010 17:32:50 +0000","from_user":"DEVOPS_BORAT","metadata":{"result_type":"recent"},"to_user_id":null,"text":"ATTENTION DEVOPS! Draft of devops fantasy league open! Who are you take at NoSQL position? Cloud? RoR? Django? Config mgmt? CTO?","id":21507306871,"from_user_id":135828739,"geo":null,"iso_language_code":"en","source":"&lt;a href=&quot;http://twitter.com/&quot;&gt;web&lt;/a&gt;"},{"profile_image_url":"http://a1.twimg.com/profile_images/622248969/BenWithDannyReduced_normal.jpg","created_at":"Wed, 18 Aug 2010 06:39:29 +0000","from_user":"proteusguy","metadata":{"result_type":"recent"},"to_user_id":null,"text":"Bwahahaja! @DEVOPS_BORAT I was very surprise when friend Igor Sysoev call tell me nginx in Russian language is mean F U ZED. Is true?","id":21469264843,"from_user_id":412852,"geo":null,"iso_language_code":"en","source":"&lt;a href=&quot;http://twitter.com/&quot;&gt;web&lt;/a&gt;"},{"profile_image_url":"http://a2.twimg.com/profile_images/1044341354/manufaktor-avatar_normal.png","created_at":"Wed, 18 Aug 2010 06:28:02 +0000","from_user":"manufaktor","metadata":{"result_type":"recent"},"to_user_id":null,"text":"RT @DEVOPS_BORAT: I was very surprise when friend Igor Sysoev call tell me nginx in Russian language is mean F U ZED. Is true?","id":21468740973,"from_user_id":4773580,"geo":null,"iso_language_code":"en","source":"&lt;a href=&quot;http://twitter.com&quot; rel=&quot;nofollow&quot;&gt;Tweetie for Mac&lt;/a&gt;"},{"profile_image_url":"http://a3.twimg.com/profile_images/329640563/avatar-patrick_normal.jpg","created_at":"Wed, 18 Aug 2010 06:24:29 +0000","from_user":"patrickdebois","metadata":{"result_type":"recent"},"to_user_id":135828739,"text":"@DEVOPS_BORAT jeos virtualbox/vmware for appliance , puppet/chef for recipes, maven for j2ee ..  No single build Nirvana instruction-set yet","id":21468573236,"from_user_id":1124005,"to_user":"DEVOPS_BORAT","geo":null,"iso_language_code":"en","source":"&lt;a href=&quot;http://twitter.com&quot; rel=&quot;nofollow&quot;&gt;Tweetie for Mac&lt;/a&gt;"},{"profile_image_url":"http://a3.twimg.com/profile_images/1079908235/borat_855_18535194_0_0_12672_300_normal.jpg","created_at":"Wed, 18 Aug 2010 06:16:59 +0000","from_user":"DEVOPS_BORAT","metadata":{"result_type":"recent"},"to_user_id":1124005,"text":"@patrickdebois you are fun man speak in riddle. I am understand you use OpenVZ.","id":21468220339,"from_user_id":135828739,"to_user":"patrickdebois","geo":null,"iso_language_code":"en","source":"&lt;a href=&quot;http://twitter.com/&quot;&gt;web&lt;/a&gt;"},{"profile_image_url":"http://a3.twimg.com/profile_images/329640563/avatar-patrick_normal.jpg","created_at":"Wed, 18 Aug 2010 06:14:44 +0000","from_user":"patrickdebois","metadata":{"result_type":"recent"},"to_user_id":135828739,"text":"@DEVOPS_BORAT for shipping I use containers :)","id":21468111019,"from_user_id":1124005,"to_user":"DEVOPS_BORAT","geo":null,"iso_language_code":"en","source":"&lt;a href=&quot;http://twitter.com&quot; rel=&quot;nofollow&quot;&gt;Tweetie for Mac&lt;/a&gt;"},{"profile_image_url":"http://a3.twimg.com/profile_images/1079908235/borat_855_18535194_0_0_12672_300_normal.jpg","created_at":"Wed, 18 Aug 2010 06:10:57 +0000","from_user":"DEVOPS_BORAT","metadata":{"result_type":"recent"},"to_user_id":1532327,"text":"@michaelbolton in devops is either intelligent or hilarious. I have none but I am rich.","id":21467923218,"from_user_id":135828739,"to_user":"michaelbolton","geo":null,"iso_language_code":"en","source":"&lt;a href=&quot;http://twitter.com/&quot;&gt;web&lt;/a&gt;"},{"profile_image_url":"http://a3.twimg.com/profile_images/1079908235/borat_855_18535194_0_0_12672_300_normal.jpg","created_at":"Wed, 18 Aug 2010 06:08:13 +0000","from_user":"DEVOPS_BORAT","metadata":{"result_type":"recent"},"to_user_id":1124005,"text":"@patrickdebois what you use to ship deployment instruction as code? I am teach Azamat always create clean sandbox before install: rm -rf /","id":21467774936,"from_user_id":135828739,"to_user":"patrickdebois","geo":null,"iso_language_code":"en","source":"&lt;a href=&quot;http://twitter.com/&quot;&gt;web&lt;/a&gt;"},{"profile_image_url":"http://a3.twimg.com/profile_images/276084243/mb_headshot_informal_square_normal.JPG","created_at":"Wed, 18 Aug 2010 06:07:19 +0000","from_user":"michaelbolton","metadata":{"result_type":"recent"},"to_user_id":135828739,"text":"@DEVOPS_BORAT Well, pamphlet, right?","id":21467732157,"from_user_id":1532327,"to_user":"DEVOPS_BORAT","geo":null,"iso_language_code":"en","source":"&lt;a href=&quot;http://www.tweetdeck.com&quot; rel=&quot;nofollow&quot;&gt;TweetDeck&lt;/a&gt;"},{"profile_image_url":"http://a3.twimg.com/profile_images/1079908235/borat_855_18535194_0_0_12672_300_normal.jpg","created_at":"Wed, 18 Aug 2010 06:06:40 +0000","from_user":"DEVOPS_BORAT","metadata":{"result_type":"recent"},"to_user_id":1532327,"text":"@michaelbolton you are read me like book.","id":21467700563,"from_user_id":135828739,"to_user":"michaelbolton","geo":null,"iso_language_code":"en","source":"&lt;a href=&quot;http://twitter.com/&quot;&gt;web&lt;/a&gt;"},{"profile_image_url":"http://a3.twimg.com/profile_images/276084243/mb_headshot_informal_square_normal.JPG","created_at":"Wed, 18 Aug 2010 05:58:15 +0000","from_user":"michaelbolton","metadata":{"result_type":"recent"},"to_user_id":135828739,"text":"@DEVOPS_BORAT And men, right?","id":21467284239,"from_user_id":1532327,"to_user":"DEVOPS_BORAT","geo":null,"iso_language_code":"en","source":"&lt;a href=&quot;http://www.tweetdeck.com&quot; rel=&quot;nofollow&quot;&gt;TweetDeck&lt;/a&gt;"},{"profile_image_url":"http://a3.twimg.com/profile_images/1079908235/borat_855_18535194_0_0_12672_300_normal.jpg","created_at":"Wed, 18 Aug 2010 05:49:01 +0000","from_user":"DEVOPS_BORAT","metadata":{"result_type":"recent"},"to_user_id":59671799,"text":"@banksimple devops team: 1)lots sexytime due new status stud; 2)less sexytime due API design meeting;3)no sexytime due production launch","id":21466833973,"from_user_id":135828739,"to_user":"banksimple","geo":null,"iso_language_code":"en","source":"&lt;a href=&quot;http://twitter.com/&quot;&gt;web&lt;/a&gt;"},{"profile_image_url":"http://a3.twimg.com/profile_images/1079908235/borat_855_18535194_0_0_12672_300_normal.jpg","created_at":"Wed, 18 Aug 2010 05:38:52 +0000","from_user":"DEVOPS_BORAT","metadata":{"result_type":"recent"},"to_user_id":124646110,"text":"@ShitMyDevOpSays you win me. I need stop tweet learn more.","id":21466311432,"from_user_id":135828739,"to_user":"ShitMyDevOpSays","geo":null,"iso_language_code":"en","source":"&lt;a href=&quot;http://twitter.com/&quot;&gt;web&lt;/a&gt;"},{"profile_image_url":"http://a2.twimg.com/profile_images/982754362/twoedge_normal.jpg","created_at":"Wed, 18 Aug 2010 05:38:11 +0000","from_user":"ShitMyDevOpSays","metadata":{"result_type":"recent"},"to_user_id":null,"text":".@DEVOPS_BORAT continuous improvement is never finished.","id":21466276876,"from_user_id":124646110,"geo":null,"iso_language_code":"en","source":"&lt;a href=&quot;http://twitter.com/&quot;&gt;web&lt;/a&gt;"},{"profile_image_url":"http://a3.twimg.com/profile_images/1079908235/borat_855_18535194_0_0_12672_300_normal.jpg","created_at":"Wed, 18 Aug 2010 05:30:57 +0000","from_user":"DEVOPS_BORAT","metadata":{"result_type":"recent"},"to_user_id":124646110,"text":"@ShitMyDevOpSays is good see you tweet again. Continuous deployment is take a lot of time yes?","id":21465921109,"from_user_id":135828739,"to_user":"ShitMyDevOpSays","geo":null,"iso_language_code":"en","source":"&lt;a href=&quot;http://twitter.com/&quot;&gt;web&lt;/a&gt;"},{"profile_image_url":"http://a3.twimg.com/profile_images/1079908235/borat_855_18535194_0_0_12672_300_normal.jpg","created_at":"Wed, 18 Aug 2010 05:25:42 +0000","from_user":"DEVOPS_BORAT","metadata":{"result_type":"recent"},"to_user_id":1532327,"text":"@michaelbolton is true. I am behave idiot with woman devops.","id":21465645805,"from_user_id":135828739,"to_user":"michaelbolton","geo":null,"iso_language_code":"en","source":"&lt;a href=&quot;http://twitter.com/&quot;&gt;web&lt;/a&gt;"},{"profile_image_url":"http://a3.twimg.com/profile_images/276084243/mb_headshot_informal_square_normal.JPG","created_at":"Wed, 18 Aug 2010 05:22:32 +0000","from_user":"michaelbolton","metadata":{"result_type":"recent"},"to_user_id":135828739,"text":"@DEVOPS_BORAT The message?  All people can be idiots in some contexts.","id":21465481684,"from_user_id":1532327,"to_user":"DEVOPS_BORAT","geo":null,"iso_language_code":"en","source":"&lt;a href=&quot;http://www.tweetdeck.com&quot; rel=&quot;nofollow&quot;&gt;TweetDeck&lt;/a&gt;"},{"profile_image_url":"http://a3.twimg.com/profile_images/1079908235/borat_855_18535194_0_0_12672_300_normal.jpg","created_at":"Wed, 18 Aug 2010 05:22:00 +0000","from_user":"DEVOPS_BORAT","metadata":{"result_type":"recent"},"to_user_id":6514,"text":"@freebsdgirl good know. I invite you to balloon ride soon, not need any laptop.","id":21465452641,"from_user_id":135828739,"to_user":"freebsdgirl","geo":null,"iso_language_code":"en","source":"&lt;a href=&quot;http://twitter.com/&quot;&gt;web&lt;/a&gt;"},{"profile_image_url":"http://a3.twimg.com/profile_images/1079908235/borat_855_18535194_0_0_12672_300_normal.jpg","created_at":"Wed, 18 Aug 2010 05:21:08 +0000","from_user":"DEVOPS_BORAT","metadata":{"result_type":"recent"},"to_user_id":1532327,"text":"@michaelbolton I accept apology. I was suprise find DM from you but honor at same time. What is context test say on incident?","id":21465407839,"from_user_id":135828739,"to_user":"michaelbolton","geo":null,"iso_language_code":"en","source":"&lt;a href=&quot;http://twitter.com/&quot;&gt;web&lt;/a&gt;"},{"profile_image_url":"http://a3.twimg.com/profile_images/1008834443/bluehat_normal.jpg","created_at":"Wed, 18 Aug 2010 05:20:44 +0000","from_user":"freebsdgirl","metadata":{"result_type":"recent"},"to_user_id":135828739,"text":"@DEVOPS_BORAT properly-sized balloon with laptop will run freebsd in cloud no problem a-ok.","id":21465386289,"from_user_id":6514,"to_user":"DEVOPS_BORAT","geo":null,"iso_language_code":"en","source":"&lt;a href=&quot;http://www.tweetdeck.com&quot; rel=&quot;nofollow&quot;&gt;TweetDeck&lt;/a&gt;"},{"profile_image_url":"http://a3.twimg.com/profile_images/1079908235/borat_855_18535194_0_0_12672_300_normal.jpg","created_at":"Wed, 18 Aug 2010 05:17:52 +0000","from_user":"DEVOPS_BORAT","metadata":{"result_type":"recent"},"to_user_id":null,"text":"Congrat new @banksimple #devops stud! I am think somebody pick your team tomorrow for #devops fantasy league draft. You need branch Astana?","id":21465234419,"from_user_id":135828739,"geo":null,"iso_language_code":"en","source":"&lt;a href=&quot;http://twitter.com/&quot;&gt;web&lt;/a&gt;"},{"profile_image_url":"http://a3.twimg.com/profile_images/1079908235/borat_855_18535194_0_0_12672_300_normal.jpg","created_at":"Wed, 18 Aug 2010 05:13:49 +0000","from_user":"DEVOPS_BORAT","metadata":{"result_type":"recent"},"to_user_id":6514,"text":"@freebsdgirl wa wa wee wa! I am now convince FreeBSD user! You are rock! One question: is run FreeBSD in cloud? I need.","id":21465020171,"from_user_id":135828739,"to_user":"freebsdgirl","geo":null,"iso_language_code":"en","source":"&lt;a href=&quot;http://twitter.com/&quot;&gt;web&lt;/a&gt;"},{"profile_image_url":"http://a2.twimg.com/profile_images/366779254/obfuscurity-twitter_normal.png","created_at":"Wed, 18 Aug 2010 05:10:06 +0000","from_user":"obfuscurity","metadata":{"result_type":"recent"},"to_user_id":null,"text":"RT @freebsdgirl: @DEVOPS_BORAT FreeBSD has more womens for happy fun code time. Good for finding wife. Who wants sausage fest?","id":21464807362,"from_user_id":49028820,"geo":null,"iso_language_code":"en","source":"&lt;a href=&quot;http://www.tweetdeck.com&quot; rel=&quot;nofollow&quot;&gt;TweetDeck&lt;/a&gt;"},{"profile_image_url":"http://a3.twimg.com/profile_images/1008834443/bluehat_normal.jpg","created_at":"Wed, 18 Aug 2010 05:04:30 +0000","from_user":"freebsdgirl","metadata":{"result_type":"recent"},"to_user_id":135828739,"text":"@DEVOPS_BORAT FreeBSD has more womens for happy fun code time. Good for finding wife. Who wants sausage fest?","id":21464502415,"from_user_id":6514,"to_user":"DEVOPS_BORAT","geo":null,"iso_language_code":"en","source":"&lt;a href=&quot;http://www.tweetdeck.com&quot; rel=&quot;nofollow&quot;&gt;TweetDeck&lt;/a&gt;"},{"profile_image_url":"http://a3.twimg.com/profile_images/1079908235/borat_855_18535194_0_0_12672_300_normal.jpg","created_at":"Wed, 18 Aug 2010 05:03:49 +0000","from_user":"DEVOPS_BORAT","metadata":{"result_type":"recent"},"to_user_id":63715744,"text":"@tnm8 you have nice surprise from me tomorrow. You will like.","id":21464465102,"from_user_id":135828739,"to_user":"tnm8","geo":null,"iso_language_code":"en","source":"&lt;a href=&quot;http://twitter.com/&quot;&gt;web&lt;/a&gt;"},{"profile_image_url":"http://a3.twimg.com/profile_images/1079908235/borat_855_18535194_0_0_12672_300_normal.jpg","created_at":"Wed, 18 Aug 2010 05:02:36 +0000","from_user":"DEVOPS_BORAT","metadata":{"result_type":"recent"},"to_user_id":50832527,"text":"@vambenepe you need use @BankSimple API for get user name password. Is available soon. Is use OAuth too.","id":21464399073,"from_user_id":135828739,"to_user":"vambenepe","geo":null,"iso_language_code":"en","source":"&lt;a href=&quot;http://twitter.com/&quot;&gt;web&lt;/a&gt;"},{"profile_image_url":"http://a3.twimg.com/profile_images/1079908235/borat_855_18535194_0_0_12672_300_normal.jpg","created_at":"Wed, 18 Aug 2010 05:00:38 +0000","from_user":"DEVOPS_BORAT","metadata":{"result_type":"recent"},"to_user_id":6514,"text":"@freebsdgirl is OK if I donate to OpenBSD foundation? Is FreeBSD only more better developer and good security, yes?","id":21464287851,"from_user_id":135828739,"to_user":"freebsdgirl","geo":null,"iso_language_code":"en","source":"&lt;a href=&quot;http://twitter.com/&quot;&gt;web&lt;/a&gt;"},{"profile_image_url":"http://a3.twimg.com/profile_images/1079908235/borat_855_18535194_0_0_12672_300_normal.jpg","created_at":"Wed, 18 Aug 2010 03:34:38 +0000","from_user":"DEVOPS_BORAT","metadata":{"result_type":"recent"},"to_user_id":null,"text":"DEVOPS NOT FORGET! Tomorrow is start devops star fantasy league! I get choose first in draft.","id":21459165170,"from_user_id":135828739,"geo":null,"iso_language_code":"en","source":"&lt;a href=&quot;http://mobile.twitter.com&quot; rel=&quot;nofollow&quot;&gt;Mobile Web&lt;/a&gt;"},{"profile_image_url":"http://a3.twimg.com/profile_images/1079908235/borat_855_18535194_0_0_12672_300_normal.jpg","created_at":"Wed, 18 Aug 2010 03:23:35 +0000","from_user":"DEVOPS_BORAT","metadata":{"result_type":"recent"},"to_user_id":63715744,"text":"@tnm8 is latency from U S and A to my country.","id":21458427495,"from_user_id":135828739,"to_user":"tnm8","geo":null,"iso_language_code":"en","source":"&lt;a href=&quot;http://mobile.twitter.com&quot; rel=&quot;nofollow&quot;&gt;Mobile Web&lt;/a&gt;"},{"profile_image_url":"http://a2.twimg.com/profile_images/1028332554/image_normal.jpg","created_at":"Wed, 18 Aug 2010 03:22:12 +0000","from_user":"tnm8","metadata":{"result_type":"recent"},"to_user_id":135828739,"text":"@DEVOPS_BORAT borat come on man. dissing zed was like so 6 hours ago. move on dawg.","id":21458334882,"from_user_id":63715744,"to_user":"DEVOPS_BORAT","geo":null,"iso_language_code":"en","source":"&lt;a href=&quot;http://twitter.com/&quot;&gt;web&lt;/a&gt;"},{"profile_image_url":"http://a3.twimg.com/profile_images/1079908235/borat_855_18535194_0_0_12672_300_normal.jpg","created_at":"Wed, 18 Aug 2010 03:21:04 +0000","from_user":"DEVOPS_BORAT","metadata":{"result_type":"recent"},"to_user_id":null,"text":"Test #6 for fail of Open Source project: network code is like mongrel2 is only work on localhost.","id":21458258516,"from_user_id":135828739,"geo":null,"iso_language_code":"en","source":"&lt;a href=&quot;http://mobile.twitter.com&quot; rel=&quot;nofollow&quot;&gt;Mobile Web&lt;/a&gt;"},{"profile_image_url":"http://a3.twimg.com/profile_images/1079908235/borat_855_18535194_0_0_12672_300_normal.jpg","created_at":"Wed, 18 Aug 2010 03:18:52 +0000","from_user":"DEVOPS_BORAT","metadata":{"result_type":"recent"},"to_user_id":95786,"text":"@philiph genkuie aim for please. In agile I am learn is user feedback very important. Are which tweet bore you?","id":21458109209,"from_user_id":135828739,"to_user":"philiph","geo":null,"iso_language_code":"en","source":"&lt;a href=&quot;http://mobile.twitter.com&quot; rel=&quot;nofollow&quot;&gt;Mobile Web&lt;/a&gt;"},{"profile_image_url":"http://a2.twimg.com/profile_images/490994602/marcus_cabelo-1_normal.jpg","created_at":"Wed, 18 Aug 2010 03:17:33 +0000","from_user":"derencius","metadata":{"result_type":"recent"},"to_user_id":null,"text":"I am think join good nice Open Source project. Is true OpenBSD is have friendly leader tight group developer? (via @DEVOPS_BORAT)","id":21458021157,"from_user_id":2512347,"geo":null,"iso_language_code":"en","source":"&lt;a href=&quot;http://twitter.com&quot; rel=&quot;nofollow&quot;&gt;Tweetie for Mac&lt;/a&gt;"},{"profile_image_url":"http://a2.twimg.com/profile_images/366779254/obfuscurity-twitter_normal.png","created_at":"Wed, 18 Aug 2010 03:13:32 +0000","from_user":"obfuscurity","metadata":{"result_type":"recent"},"to_user_id":null,"text":"RT @DEVOPS_BORAT: @obfuscurity friendly in Kazakhstan is only some sexytime but more hold hands.","id":21457741377,"from_user_id":49028820,"geo":null,"iso_language_code":"en","source":"&lt;a href=&quot;http://itunes.apple.com/app/twitter/id333903271?mt=8&quot; rel=&quot;nofollow&quot;&gt;Twitter for iPhone&lt;/a&gt;"},{"profile_image_url":"http://a3.twimg.com/profile_images/745992819/NbIcon_normal.png","created_at":"Wed, 18 Aug 2010 02:59:29 +0000","from_user":"philiph","metadata":{"result_type":"recent"},"to_user_id":135828739,"text":"@DEVOPS_BORAT you were beginning to bore me but now I am laughing again.","id":21456776647,"from_user_id":95786,"to_user":"DEVOPS_BORAT","geo":null,"iso_language_code":"en","source":"&lt;a href=&quot;http://www.ubertwitter.com/bb/download.php&quot; rel=&quot;nofollow&quot;&gt;\u00dcberTwitter&lt;/a&gt;"},{"profile_image_url":"http://a3.twimg.com/profile_images/1079908235/borat_855_18535194_0_0_12672_300_normal.jpg","created_at":"Wed, 18 Aug 2010 02:50:39 +0000","from_user":"DEVOPS_BORAT","metadata":{"result_type":"recent"},"to_user_id":49028820,"text":"@obfuscurity friendly in Kazakhstan is only some sexytime but more hold hands.","id":21456183242,"from_user_id":135828739,"to_user":"obfuscurity","geo":null,"iso_language_code":"en","source":"&lt;a href=&quot;http://mobile.twitter.com&quot; rel=&quot;nofollow&quot;&gt;Mobile Web&lt;/a&gt;"},{"profile_image_url":"http://a3.twimg.com/profile_images/1079908235/borat_855_18535194_0_0_12672_300_normal.jpg","created_at":"Wed, 18 Aug 2010 02:46:23 +0000","from_user":"DEVOPS_BORAT","metadata":{"result_type":"recent"},"to_user_id":null,"text":"I was very surprise when friend Igor Sysoev call tell me nginx in Russian language is mean F U ZED. Is true?","id":21455899407,"from_user_id":135828739,"geo":null,"iso_language_code":"en","source":"&lt;a href=&quot;http://mobile.twitter.com&quot; rel=&quot;nofollow&quot;&gt;Mobile Web&lt;/a&gt;"},{"profile_image_url":"http://a2.twimg.com/profile_images/366779254/obfuscurity-twitter_normal.png","created_at":"Wed, 18 Aug 2010 02:46:18 +0000","from_user":"obfuscurity","metadata":{"result_type":"recent"},"to_user_id":135828739,"text":"@DEVOPS_BORAT Define &quot;friendly&quot;.","id":21455893676,"from_user_id":49028820,"to_user":"DEVOPS_BORAT","geo":null,"iso_language_code":"fr","source":"&lt;a href=&quot;http://itunes.apple.com/app/twitter/id333903271?mt=8&quot; rel=&quot;nofollow&quot;&gt;Twitter for iPhone&lt;/a&gt;"},{"profile_image_url":"http://a3.twimg.com/profile_images/1079908235/borat_855_18535194_0_0_12672_300_normal.jpg","created_at":"Wed, 18 Aug 2010 02:39:26 +0000","from_user":"DEVOPS_BORAT","metadata":{"result_type":"recent"},"to_user_id":null,"text":"I am think join good nice Open Source project. Is true OpenBSD is have friendly leader tight group developer?","id":21455424554,"from_user_id":135828739,"geo":null,"iso_language_code":"en","source":"&lt;a href=&quot;http://mobile.twitter.com&quot; rel=&quot;nofollow&quot;&gt;Mobile Web&lt;/a&gt;"},{"profile_image_url":"http://a3.twimg.com/profile_images/1079908235/borat_855_18535194_0_0_12672_300_normal.jpg","created_at":"Wed, 18 Aug 2010 02:37:03 +0000","from_user":"DEVOPS_BORAT","metadata":{"result_type":"recent"},"to_user_id":1665376,"text":"@randybias we have legend in devops when RAM stick is fail we put under pillow and cloud fairy is make server self heal until morning.","id":21455268568,"from_user_id":135828739,"to_user":"randybias","geo":null,"iso_language_code":"en","source":"&lt;a href=&quot;http://mobile.twitter.com&quot; rel=&quot;nofollow&quot;&gt;Mobile Web&lt;/a&gt;"},{"profile_image_url":"http://a3.twimg.com/profile_images/1079908235/borat_855_18535194_0_0_12672_300_normal.jpg","created_at":"Wed, 18 Aug 2010 00:11:47 +0000","from_user":"DEVOPS_BORAT","metadata":{"result_type":"recent"},"to_user_id":153082,"text":"@allspaw genkuie reply, is honor. Is not look count with lady, is #devops Stud factor. I am maybe 6.5 of 10, you are 11.","id":21445286818,"from_user_id":135828739,"to_user":"allspaw","geo":null,"iso_language_code":"en","source":"&lt;a href=&quot;http://twitter.com/&quot;&gt;web&lt;/a&gt;"},{"profile_image_url":"http://a2.twimg.com/profile_images/48760222/2146466719_c829bee569_m_normal.jpg","created_at":"Tue, 17 Aug 2010 23:59:03 +0000","from_user":"allspaw","metadata":{"result_type":"recent"},"to_user_id":135828739,"text":"@DEVOPS_BORAT flattered! But I'm simply not that good looking :)","id":21444387424,"from_user_id":153082,"to_user":"DEVOPS_BORAT","geo":null,"iso_language_code":"en","source":"&lt;a href=&quot;http://twitter.com/&quot; rel=&quot;nofollow&quot;&gt;Twitter for iPhone&lt;/a&gt;"},{"profile_image_url":"http://a3.twimg.com/profile_images/1079908235/borat_855_18535194_0_0_12672_300_normal.jpg","created_at":"Tue, 17 Aug 2010 23:58:44 +0000","from_user":"DEVOPS_BORAT","metadata":{"result_type":"recent"},"to_user_id":74754277,"text":"@vcloudinsdr is true I get very excite of puppet/chef/cfengine3/bcfg2. You need try some time. You work in cloud yes?","id":21444365872,"from_user_id":135828739,"to_user":"vcloudinsdr","geo":null,"iso_language_code":"en","source":"&lt;a href=&quot;http://twitter.com/&quot;&gt;web&lt;/a&gt;"}],"max_id":21560383471,"since_id":0,"refresh_url":"?since_id=21560383471&q=devops_borat","next_page":"?page=2&max_id=21560383471&rpp=100&q=devops_borat","results_per_page":100,"page":1,"completed_in":0.104415,"query":"devops_borat"}