{"results":[{"profile_image_url":"http://a0.twimg.com/profile_images/627247984/me_normal.jpg","created_at":"Tue, 24 Aug 2010 21:01:51 +0000","from_user":"brianleroux","metadata":{"result_type":"recent"},"to_user_id":527780,"text":"@davidascher url? (here I thought devops was just @DEVOPS_BORAT)","id":22030707475,"from_user_id":33266,"to_user":"davidascher","geo":null,"iso_language_code":"en","source":"&lt;a href=&quot;http://twitter.com/&quot;&gt;web&lt;/a&gt;"}],"max_id":22030707475,"since_id":22023353664,"refresh_url":"?since_id=22030707475&q=devops_borat","total":1,"results_per_page":100,"page":1,"completed_in":0.026705,"query":"devops_borat"}