{"results":[{"profile_image_url":"http://a0.twimg.com/profile_images/1100745412/Untitled-3_normal.gif","created_at":"Sun, 22 Aug 2010 01:37:59 +0000","from_user":"HiiCommando","metadata":{"result_type":"recent"},"to_user_id":null,"text":"#[Hi!] RT @DEVOPS_BORAT: In Kazakhstan #devops training is like military. First need get humiliated broke... http://bit.ly/acJhmJ #Military","id":21792657270,"from_user_id":143534931,"geo":null,"iso_language_code":"en","source":"&lt;a href=&quot;http://twitterfeed.com&quot; rel=&quot;nofollow&quot;&gt;twitterfeed&lt;/a&gt;"}],"max_id":21792657270,"since_id":21785949447,"refresh_url":"?since_id=21792657270&q=devops_borat","total":1,"results_per_page":100,"page":1,"completed_in":0.0254,"query":"devops_borat"}