{"results":[{"profile_image_url":"http://a3.twimg.com/profile_images/1079908235/borat_855_18535194_0_0_12672_300_normal.jpg","created_at":"Sun, 22 Aug 2010 16:17:56 +0000","from_user":"DEVOPS_BORAT","metadata":{"result_type":"recent"},"to_user_id":null,"text":"In #devops first goal is build character. Is why we observe manly rule &quot;Fail Hard&quot;: if is worth failing, is worth failing hard.","id":21841142478,"from_user_id":135828739,"geo":null,"iso_language_code":"en","source":"&lt;a href=&quot;http://twitter.com/&quot;&gt;web&lt;/a&gt;"}],"max_id":21843915263,"since_id":21838799343,"refresh_url":"?since_id=21843915263&q=devops_borat","total":1,"results_per_page":100,"page":1,"completed_in":0.026436,"query":"devops_borat"}