{"results":[{"profile_image_url":"http://a0.twimg.com/profile_images/970661124/coda_normal.jpg","created_at":"Fri, 10 Sep 2010 12:56:24 +0000","from_user":"D_mitar","metadata":{"result_type":"recent"},"to_user_id":null,"text":"#FF thingie: @shitmydadsays @DEVOPS_BORAT @CobraCommander @Mike_FTW","id":24101835224,"from_user_id":3757457,"geo":null,"iso_language_code":"en","source":"&lt;a href=&quot;http://www.tweetdeck.com&quot; rel=&quot;nofollow&quot;&gt;TweetDeck&lt;/a&gt;"}],"max_id":24102083774,"since_id":24094778557,"refresh_url":"?since_id=24102083774&q=devops_borat","total":1,"results_per_page":100,"page":1,"completed_in":0.021519,"query":"devops_borat"}