{"results":[{"profile_image_url":"http://a3.twimg.com/profile_images/1098903515/copy_of_gut_normal.jpg","created_at":"Mon, 23 Aug 2010 16:29:07 +0000","from_user":"FansSachaBaronC","metadata":{"result_type":"recent"},"to_user_id":135828739,"text":"@DEVOPS_BORAT do you want following me back? :)","id":21926305360,"from_user_id":143014586,"to_user":"DEVOPS_BORAT","geo":null,"iso_language_code":"en","source":"&lt;a href=&quot;http://twitter.com/&quot;&gt;web&lt;/a&gt;"},{"profile_image_url":"http://a3.twimg.com/profile_images/1079908235/borat_855_18535194_0_0_12672_300_normal.jpg","created_at":"Mon, 23 Aug 2010 16:22:26 +0000","from_user":"DEVOPS_BORAT","metadata":{"result_type":"recent"},"to_user_id":null,"text":"I am take much need vacationing. Hold forts of Internet!","id":21925867241,"from_user_id":135828739,"geo":null,"iso_language_code":"en","source":"&lt;a href=&quot;http://mobile.twitter.com&quot; rel=&quot;nofollow&quot;&gt;Mobile Web&lt;/a&gt;"}],"max_id":21928318325,"since_id":21920262563,"refresh_url":"?since_id=21928318325&q=devops_borat","total":2,"results_per_page":100,"page":1,"completed_in":0.043221,"query":"devops_borat"}