{"results":[{"profile_image_url":"http://a3.twimg.com/profile_images/320853867/twitter_normal.jpg","created_at":"Sat, 21 Aug 2010 05:13:01 +0000","from_user":"planetclaire9","metadata":{"result_type":"recent"},"to_user_id":135828739,"text":"@devops_borat will you be on the volunteer team next year at #agile2011?","id":21724982869,"from_user_id":256565,"to_user":"DEVOPS_BORAT","geo":null,"iso_language_code":"en","source":"&lt;a href=&quot;http://twitter.com/&quot;&gt;web&lt;/a&gt;"}],"max_id":21724982869,"since_id":21716538178,"refresh_url":"?since_id=21724982869&q=devops_borat","total":1,"results_per_page":100,"page":1,"completed_in":0.031756,"query":"devops_borat"}