{"results":[{"profile_image_url":"http://a3.twimg.com/profile_images/1079908235/borat_855_18535194_0_0_12672_300_normal.jpg","created_at":"Thu, 19 Aug 2010 23:58:53 +0000","from_user":"DEVOPS_BORAT","metadata":{"result_type":"recent"},"to_user_id":null,"text":"In #devops is no shame to be idempotent.","id":21618743734,"from_user_id":135828739,"geo":null,"iso_language_code":"en","source":"&lt;a href=&quot;http://twitter.com/&quot;&gt;web&lt;/a&gt;"},{"profile_image_url":"http://a2.twimg.com/profile_images/646124746/Gil_005b_normal.jpg","created_at":"Thu, 19 Aug 2010 23:27:34 +0000","from_user":"gyehuda","metadata":{"result_type":"recent"},"to_user_id":135828739,"text":"@DEVOPS_BORAT meet @sh1mmer","id":21616710091,"from_user_id":833152,"to_user":"DEVOPS_BORAT","geo":null,"iso_language_code":"fr","source":"&lt;a href=&quot;http://www.tweetdeck.com&quot; rel=&quot;nofollow&quot;&gt;TweetDeck&lt;/a&gt;"},{"profile_image_url":"http://a3.twimg.com/profile_images/1079908235/borat_855_18535194_0_0_12672_300_normal.jpg","created_at":"Thu, 19 Aug 2010 23:25:21 +0000","from_user":"DEVOPS_BORAT","metadata":{"result_type":"recent"},"to_user_id":833152,"text":"@gyehuda so for serious question: what yahoo studs I need follow on twitter?","id":21616565932,"from_user_id":135828739,"to_user":"gyehuda","geo":null,"iso_language_code":"en","source":"&lt;a href=&quot;http://twitter.com/&quot;&gt;web&lt;/a&gt;"},{"profile_image_url":"http://a2.twimg.com/profile_images/646124746/Gil_005b_normal.jpg","created_at":"Thu, 19 Aug 2010 23:21:12 +0000","from_user":"gyehuda","metadata":{"result_type":"recent"},"to_user_id":135828739,"text":"@DEVOPS_BORAT You mean simply existing and doing smart things no one know about is not good enough?","id":21616295311,"from_user_id":833152,"to_user":"DEVOPS_BORAT","geo":null,"iso_language_code":"en","source":"&lt;a href=&quot;http://www.tweetdeck.com&quot; rel=&quot;nofollow&quot;&gt;TweetDeck&lt;/a&gt;"},{"profile_image_url":"http://a3.twimg.com/profile_images/1079908235/borat_855_18535194_0_0_12672_300_normal.jpg","created_at":"Thu, 19 Aug 2010 23:16:52 +0000","from_user":"DEVOPS_BORAT","metadata":{"result_type":"recent"},"to_user_id":833152,"text":"@gyehuda I am not surprise you ask about how get brand recognition. After all you work for Yahoo.","id":21616014984,"from_user_id":135828739,"to_user":"gyehuda","geo":null,"iso_language_code":"en","source":"&lt;a href=&quot;http://twitter.com/&quot;&gt;web&lt;/a&gt;"},{"profile_image_url":"http://a3.twimg.com/profile_images/1079908235/borat_855_18535194_0_0_12672_300_normal.jpg","created_at":"Thu, 19 Aug 2010 23:04:02 +0000","from_user":"DEVOPS_BORAT","metadata":{"result_type":"recent"},"to_user_id":70970814,"text":"@antonyfalco I am some sad you find @strlen tweet more funny of mine. I am think is not about me though, is about you.","id":21615167097,"from_user_id":135828739,"to_user":"antonyfalco","geo":null,"iso_language_code":"en","source":"&lt;a href=&quot;http://twitter.com/&quot;&gt;web&lt;/a&gt;"},{"profile_image_url":"http://a1.twimg.com/profile_images/1031037057/Photo_4_normal.jpg","created_at":"Thu, 19 Aug 2010 23:00:49 +0000","from_user":"antonyfalco","metadata":{"result_type":"recent"},"to_user_id":null,"text":"Okay.  @strlen is not @devops_borat.  How do I know?  He is funnier.","id":21614957254,"from_user_id":70970814,"geo":null,"iso_language_code":"en","source":"&lt;a href=&quot;http://twitter.com/&quot;&gt;web&lt;/a&gt;"},{"profile_image_url":"http://a3.twimg.com/profile_images/1079908235/borat_855_18535194_0_0_12672_300_normal.jpg","created_at":"Thu, 19 Aug 2010 22:54:33 +0000","from_user":"DEVOPS_BORAT","metadata":{"result_type":"recent"},"to_user_id":438559,"text":"@strlen is good you clarify.So you are tell me go fuck myself.Is good I have #devopsdraft team can do any thing.You know cloud or NoSQL?","id":21614551567,"from_user_id":135828739,"to_user":"strlen","geo":null,"iso_language_code":"en","source":"&lt;a href=&quot;http://twitter.com/&quot;&gt;web&lt;/a&gt;"},{"profile_image_url":"http://a0.twimg.com/profile_images/234237160/books_belarus_normal.png","created_at":"Thu, 19 Aug 2010 22:51:11 +0000","from_user":"strlen","metadata":{"result_type":"recent"},"to_user_id":135828739,"text":"@DEVOPS_BORAT Yes, please implement a dynamic programming algorithm with distributed memoization, using a Y-combinator for recursion","id":21614338282,"from_user_id":438559,"to_user":"DEVOPS_BORAT","geo":null,"iso_language_code":"en","source":"&lt;a href=&quot;http://twitter.com/&quot;&gt;web&lt;/a&gt;"},{"profile_image_url":"http://a2.twimg.com/profile_images/1105828790/36403.png_normal.jpeg","created_at":"Thu, 19 Aug 2010 22:43:31 +0000","from_user":"tunixman","metadata":{"result_type":"recent"},"to_user_id":135828739,"text":"@DEVOPS_BORAT With LISPers, it's always the latter.","id":21613858031,"from_user_id":134832179,"to_user":"DEVOPS_BORAT","geo":null,"iso_language_code":"en","place":{"id":"c8595c22bec31d24","type":"neighborhood","full_name":"Downtown, Los Angeles"},"source":"&lt;a href=&quot;http://twitter.com/&quot;&gt;web&lt;/a&gt;"},{"profile_image_url":"http://a3.twimg.com/profile_images/1079908235/borat_855_18535194_0_0_12672_300_normal.jpg","created_at":"Thu, 19 Aug 2010 22:40:32 +0000","from_user":"DEVOPS_BORAT","metadata":{"result_type":"recent"},"to_user_id":438559,"text":"@strlen I am confuse.You say I need implement distributed memoization Y-comb in Erlang?Or you just say I need go fuck myself?","id":21613672219,"from_user_id":135828739,"to_user":"strlen","geo":null,"iso_language_code":"en","source":"&lt;a href=&quot;http://twitter.com/&quot;&gt;web&lt;/a&gt;"},{"profile_image_url":"http://a3.twimg.com/profile_images/1079908235/borat_855_18535194_0_0_12672_300_normal.jpg","created_at":"Thu, 19 Aug 2010 22:36:30 +0000","from_user":"DEVOPS_BORAT","metadata":{"result_type":"recent"},"to_user_id":null,"text":"I work on Facehunchdora.com.Is only allow you choose friend if other users like that person.Can only listen music your friends listen to.","id":21613416730,"from_user_id":135828739,"geo":null,"iso_language_code":"en","source":"&lt;a href=&quot;http://twitter.com/&quot;&gt;web&lt;/a&gt;"},{"profile_image_url":"http://a3.twimg.com/profile_images/1079908235/borat_855_18535194_0_0_12672_300_normal.jpg","created_at":"Thu, 19 Aug 2010 22:30:46 +0000","from_user":"DEVOPS_BORAT","metadata":{"result_type":"recent"},"to_user_id":833152,"text":"@gyehuda genkuie is good know you are strangely attracted to me.","id":21613049829,"from_user_id":135828739,"to_user":"gyehuda","geo":null,"iso_language_code":"en","source":"&lt;a href=&quot;http://twitter.com/&quot;&gt;web&lt;/a&gt;"},{"profile_image_url":"http://a2.twimg.com/profile_images/646124746/Gil_005b_normal.jpg","created_at":"Thu, 19 Aug 2010 22:01:25 +0000","from_user":"gyehuda","metadata":{"result_type":"recent"},"to_user_id":135828739,"text":"@DEVOPS_BORAT you are quickly becoming my fav voice on my twitter stream (BTW, don't grab me by horns and throw me in well, OK)","id":21611178462,"from_user_id":833152,"to_user":"DEVOPS_BORAT","geo":null,"iso_language_code":"en","source":"&lt;a href=&quot;http://www.tweetdeck.com&quot; rel=&quot;nofollow&quot;&gt;TweetDeck&lt;/a&gt;"}],"max_id":21618743734,"since_id":21609787187,"refresh_url":"?since_id=21618743734&q=devops_borat","total":14,"results_per_page":100,"page":1,"completed_in":0.037403,"query":"devops_borat"}