{"results":[{"profile_image_url":"http://a2.twimg.com/profile_images/675488662/fb_profile_new_normal.jpg","created_at":"Thu, 19 Aug 2010 16:10:07 +0000","from_user":"DigitalAEmpire","metadata":{"result_type":"recent"},"to_user_id":135828739,"text":"@DEVOPS_BORAT hey thought you might like this , free ebook http://tiny.cc/Imalwyslaid?=otmw","id":21589146144,"from_user_id":86131092,"to_user":"DEVOPS_BORAT","geo":null,"iso_language_code":"en","source":"&lt;a href=&quot;http://twitter.com/&quot;&gt;web&lt;/a&gt;"}],"max_id":21592834664,"since_id":21585060337,"refresh_url":"?since_id=21592834664&q=devops_borat","total":1,"results_per_page":100,"page":1,"completed_in":0.024707,"query":"devops_borat"}