{"results":[{"profile_image_url":"http://a3.twimg.com/profile_images/547460187/me_normal.jpg","created_at":"Sat, 21 Aug 2010 23:42:22 +0000","from_user":"bitfield","metadata":{"result_type":"recent"},"to_user_id":135828739,"text":"@DEVOPS_BORAT the answer is in the comments.","id":21785949447,"from_user_id":13193522,"to_user":"DEVOPS_BORAT","geo":null,"iso_language_code":"en","source":"&lt;a href=&quot;http://twitter.com&quot; rel=&quot;nofollow&quot;&gt;Tweetie for Mac&lt;/a&gt;"},{"profile_image_url":"http://a3.twimg.com/profile_images/1079908235/borat_855_18535194_0_0_12672_300_normal.jpg","created_at":"Sat, 21 Aug 2010 22:45:21 +0000","from_user":"DEVOPS_BORAT","metadata":{"result_type":"recent"},"to_user_id":null,"text":"In #devops we are always seek efficiency ruthless. Is because it is allow us have more sexytime. Is not possible if use Windows though.","id":21782804939,"from_user_id":135828739,"geo":null,"iso_language_code":"en","source":"&lt;a href=&quot;http://mobile.twitter.com&quot; rel=&quot;nofollow&quot;&gt;Mobile Web&lt;/a&gt;"},{"profile_image_url":"http://a3.twimg.com/profile_images/1079908235/borat_855_18535194_0_0_12672_300_normal.jpg","created_at":"Sat, 21 Aug 2010 22:17:50 +0000","from_user":"DEVOPS_BORAT","metadata":{"result_type":"recent"},"to_user_id":null,"text":"Not forget next week DevCampAstana! We are work on new distributed NoSQL codename Haiku. One thing sure is going to be C base.","id":21781331323,"from_user_id":135828739,"geo":null,"iso_language_code":"en","source":"&lt;a href=&quot;http://mobile.twitter.com&quot; rel=&quot;nofollow&quot;&gt;Mobile Web&lt;/a&gt;"}],"max_id":21785949447,"since_id":21778811496,"refresh_url":"?since_id=21785949447&q=devops_borat","total":3,"results_per_page":100,"page":1,"completed_in":0.033594,"query":"devops_borat"}