{"results":[{"profile_image_url":"http://a3.twimg.com/profile_images/1079908235/borat_855_18535194_0_0_12672_300_normal.jpg","created_at":"Thu, 19 Aug 2010 21:39:07 +0000","from_user":"DEVOPS_BORAT","metadata":{"result_type":"recent"},"to_user_id":12983,"text":"@al3x I am available devops work for your stud team of @banksimple. Email devopsborat _at_ yahoo _dot_ com. I work for very few money.","id":21609787187,"from_user_id":135828739,"to_user":"al3x","geo":null,"iso_language_code":"en","source":"&lt;a href=&quot;http://twitter.com/&quot;&gt;web&lt;/a&gt;"},{"profile_image_url":"http://a1.twimg.com/profile_images/180727117/Simon_normal.jpg","created_at":"Thu, 19 Aug 2010 21:36:57 +0000","from_user":"swardley","metadata":{"result_type":"recent"},"to_user_id":135828739,"text":"@DEVOPS_BORAT : well, I'm just exploring ... bored already ... so just about to delete myself from the same.","id":21609651692,"from_user_id":90351,"to_user":"DEVOPS_BORAT","geo":null,"iso_language_code":"en","source":"&lt;a href=&quot;http://www.tweetdeck.com&quot; rel=&quot;nofollow&quot;&gt;TweetDeck&lt;/a&gt;"},{"profile_image_url":"http://a3.twimg.com/profile_images/1079908235/borat_855_18535194_0_0_12672_300_normal.jpg","created_at":"Thu, 19 Aug 2010 21:35:26 +0000","from_user":"DEVOPS_BORAT","metadata":{"result_type":"recent"},"to_user_id":90351,"text":"@swardley when expert add itself on directories is like have sexytime with itself no?","id":21609552542,"from_user_id":135828739,"to_user":"swardley","geo":null,"iso_language_code":"en","source":"&lt;a href=&quot;http://twitter.com/&quot;&gt;web&lt;/a&gt;"},{"profile_image_url":"http://a2.twimg.com/profile_images/445061006/batima-feira_da_fruta-re-remastered.UGA_093_0002_normal.jpg","created_at":"Thu, 19 Aug 2010 21:24:47 +0000","from_user":"fufa","metadata":{"result_type":"recent"},"to_user_id":null,"text":"You are THE ONE! RT: @DEVOPS_BORAT: Cloud fallacy #7: network diagram is easy is create by itself http://bit.ly/9YwNJ8","id":21608888682,"from_user_id":389006,"geo":null,"iso_language_code":"en","source":"&lt;a href=&quot;http://www.echofon.com/&quot; rel=&quot;nofollow&quot;&gt;Echofon&lt;/a&gt;"},{"profile_image_url":"http://a3.twimg.com/profile_images/1079908235/borat_855_18535194_0_0_12672_300_normal.jpg","created_at":"Thu, 19 Aug 2010 21:16:39 +0000","from_user":"DEVOPS_BORAT","metadata":{"result_type":"recent"},"to_user_id":null,"text":"Cloud fallacy #7: network diagram is easy is create by itself http://bit.ly/9YwNJ8","id":21608384947,"from_user_id":135828739,"geo":null,"iso_language_code":"en","source":"&lt;a href=&quot;http://twitter.com/&quot;&gt;web&lt;/a&gt;"},{"profile_image_url":"http://a3.twimg.com/profile_images/1079908235/borat_855_18535194_0_0_12672_300_normal.jpg","created_at":"Thu, 19 Aug 2010 21:08:37 +0000","from_user":"DEVOPS_BORAT","metadata":{"result_type":"recent"},"to_user_id":50832527,"text":"@vambenepe I am actual read all blog post. So you not know how add user/computer in Active Directory and you need MS manage for you yes?","id":21607892250,"from_user_id":135828739,"to_user":"vambenepe","geo":null,"iso_language_code":"en","source":"&lt;a href=&quot;http://twitter.com/&quot;&gt;web&lt;/a&gt;"}],"max_id":21609787187,"since_id":21600367471,"refresh_url":"?since_id=21609787187&q=devops_borat","total":6,"results_per_page":100,"page":1,"completed_in":0.030343,"query":"devops_borat"}