{"results":[{"profile_image_url":"http://a2.twimg.com/profile_images/758091274/valentin16_normal.jpg","created_at":"Sun, 22 Aug 2010 02:21:37 +0000","from_user":"valentinroca","metadata":{"result_type":"recent"},"to_user_id":null,"text":"RT @DEVOPS_BORAT: In Kazakhstan #devops training is like military. First need get humiliated broken spirit by (cont) http://tl.gd/395ibr","id":21795362847,"from_user_id":18409225,"geo":null,"iso_language_code":"en","source":"&lt;a href=&quot;http://twitter.com&quot; rel=&quot;nofollow&quot;&gt;Tweetie for Mac&lt;/a&gt;"}],"max_id":21797793198,"since_id":21792657270,"refresh_url":"?since_id=21797793198&q=devops_borat","total":1,"results_per_page":100,"page":1,"completed_in":0.027756,"query":"devops_borat"}