{"results":[{"profile_image_url":"http://a0.twimg.com/profile_images/1132051380/ba-baracus-pink_normal.jpg","created_at":"Mon, 27 Sep 2010 02:47:29 +0000","from_user":"jdub","metadata":{"result_type":"recent"},"to_user_id":null,"text":"Today, Patch Monday with @stilgherrian features... moi! Plus @Linode, @auxesis, @DevOps_Borat, Cucumber and @Github: http://is.gd/fuVZy","id":25649658815,"from_user_id":278210,"geo":null,"iso_language_code":"en","source":"&lt;a href=&quot;http://twitter.com/&quot;&gt;web&lt;/a&gt;"}],"max_id":25650592013,"since_id":25640976658,"refresh_url":"?since_id=25650592013&q=devops_borat","total":1,"results_per_page":100,"page":1,"completed_in":0.021235,"query":"devops_borat"}