{"results":[{"profile_image_url":"http://a3.twimg.com/profile_images/1079908235/borat_855_18535194_0_0_12672_300_normal.jpg","created_at":"Sat, 21 Aug 2010 13:54:01 +0000","from_user":"DEVOPS_BORAT","metadata":{"result_type":"recent"},"to_user_id":256565,"text":"@planetclaire9 yes I am volunteer party organize at #agile2011. I hear men take off pants at #agile2010. Is shame! Why not womans too???","id":21749941850,"from_user_id":135828739,"to_user":"planetclaire9","geo":null,"iso_language_code":"en","source":"&lt;a href=&quot;http://mobile.twitter.com&quot; rel=&quot;nofollow&quot;&gt;Mobile Web&lt;/a&gt;"},{"profile_image_url":"http://a3.twimg.com/profile_images/1079908235/borat_855_18535194_0_0_12672_300_normal.jpg","created_at":"Sat, 21 Aug 2010 13:51:00 +0000","from_user":"DEVOPS_BORAT","metadata":{"result_type":"recent"},"to_user_id":55977909,"text":"@martiboheme and Kazakh good language for #devops. As example Django is means cunning gypsy in Kazakh language.","id":21749748544,"from_user_id":135828739,"to_user":"martiboheme","geo":null,"iso_language_code":"en","source":"&lt;a href=&quot;http://mobile.twitter.com&quot; rel=&quot;nofollow&quot;&gt;Mobile Web&lt;/a&gt;"}],"max_id":21749941850,"since_id":21740705258,"refresh_url":"?since_id=21749941850&q=devops_borat","total":2,"results_per_page":100,"page":1,"completed_in":0.024464,"query":"devops_borat"}