{"results":[{"profile_image_url":"http://a0.twimg.com/profile_images/423214772/icon-145-too-bright_normal.png","created_at":"Fri, 20 Aug 2010 19:53:51 +0000","from_user":"vambenepe","metadata":{"result_type":"recent"},"to_user_id":135828739,"text":"@DEVOPS_BORAT The difference is that I can sell you a device that will help you do it. ;-)","id":21690582224,"from_user_id":50832527,"to_user":"DEVOPS_BORAT","geo":null,"iso_language_code":"en","source":"&lt;a href=&quot;http://www.echofon.com/&quot; rel=&quot;nofollow&quot;&gt;Echofon&lt;/a&gt;"},{"profile_image_url":"http://a3.twimg.com/profile_images/1079908235/borat_855_18535194_0_0_12672_300_normal.jpg","created_at":"Fri, 20 Aug 2010 19:43:17 +0000","from_user":"DEVOPS_BORAT","metadata":{"result_type":"recent"},"to_user_id":50832527,"text":"@vambenepe of http://is.gd/esk52 : you are second after @strlen tell me go fuck myself. Is not nice!","id":21689975114,"from_user_id":135828739,"to_user":"vambenepe","geo":null,"iso_language_code":"en","source":"&lt;a href=&quot;http://twitter.com/&quot;&gt;web&lt;/a&gt;"},{"profile_image_url":"http://a3.twimg.com/profile_images/1079908235/borat_855_18535194_0_0_12672_300_normal.jpg","created_at":"Fri, 20 Aug 2010 19:42:04 +0000","from_user":"DEVOPS_BORAT","metadata":{"result_type":"recent"},"to_user_id":51379,"text":"@ezmobius @roidrage for lots cloud capacity use Central Asia region Kazakhstan + Uzbekistan. Friend @GeorgeReese has entratus cloud there.","id":21689905648,"from_user_id":135828739,"to_user":"ezmobius","geo":null,"iso_language_code":"en","source":"&lt;a href=&quot;http://twitter.com/&quot;&gt;web&lt;/a&gt;"},{"profile_image_url":"http://a0.twimg.com/profile_images/423214772/icon-145-too-bright_normal.png","created_at":"Fri, 20 Aug 2010 19:40:35 +0000","from_user":"vambenepe","metadata":{"result_type":"recent"},"to_user_id":135828739,"text":"@DEVOPS_BORAT &quot;genkuie reveal Oracle strategy of all OS must die in cloud. What you suggest we use?&quot; &lt; http://is.gd/esk52","id":21689821922,"from_user_id":50832527,"to_user":"DEVOPS_BORAT","geo":null,"iso_language_code":"en","source":"&lt;a href=&quot;http://www.echofon.com/&quot; rel=&quot;nofollow&quot;&gt;Echofon&lt;/a&gt;"},{"profile_image_url":"http://a3.twimg.com/profile_images/1079908235/borat_855_18535194_0_0_12672_300_normal.jpg","created_at":"Fri, 20 Aug 2010 19:30:47 +0000","from_user":"DEVOPS_BORAT","metadata":{"result_type":"recent"},"to_user_id":50832527,"text":"@vambenepe genkuie reveal Oracle strategy of all OS must die in cloud. What you suggest we use?","id":21689257747,"from_user_id":135828739,"to_user":"vambenepe","geo":null,"iso_language_code":"en","source":"&lt;a href=&quot;http://twitter.com/&quot;&gt;web&lt;/a&gt;"}],"max_id":21690582224,"since_id":21683559618,"refresh_url":"?since_id=21690582224&q=devops_borat","total":5,"results_per_page":100,"page":1,"completed_in":0.025509,"query":"devops_borat"}