{"results":[{"profile_image_url":"http://a3.twimg.com/profile_images/1079908235/borat_855_18535194_0_0_12672_300_normal.jpg","created_at":"Fri, 20 Aug 2010 17:56:54 +0000","from_user":"DEVOPS_BORAT","metadata":{"result_type":"recent"},"to_user_id":27439490,"text":"@fxlv genkuie follow! I am have many friend in Tallinn Latvia!","id":21683559618,"from_user_id":135828739,"to_user":"fxlv","geo":null,"iso_language_code":"en","source":"&lt;a href=&quot;http://twitter.com/&quot;&gt;web&lt;/a&gt;"},{"profile_image_url":"http://a2.twimg.com/profile_images/646124746/Gil_005b_normal.jpg","created_at":"Fri, 20 Aug 2010 17:00:03 +0000","from_user":"gyehuda","metadata":{"result_type":"recent"},"to_user_id":135828739,"text":"@DEVOPS_BORAT I think of Tuxedo (I'm wrong and over 40). it's more like a collection of technologies to process big data. confuses me too.","id":21679702524,"from_user_id":833152,"to_user":"DEVOPS_BORAT","geo":null,"iso_language_code":"en","source":"&lt;a href=&quot;http://www.tweetdeck.com&quot; rel=&quot;nofollow&quot;&gt;TweetDeck&lt;/a&gt;"},{"profile_image_url":"http://a3.twimg.com/profile_images/1079908235/borat_855_18535194_0_0_12672_300_normal.jpg","created_at":"Fri, 20 Aug 2010 16:50:23 +0000","from_user":"DEVOPS_BORAT","metadata":{"result_type":"recent"},"to_user_id":833152,"text":"@gyehuda genkuie explain Hadoop in 1/2 tweet. Compute-grid technology is Beowulf yes? You need cloud or NoSQL for Hadoop?","id":21679019331,"from_user_id":135828739,"to_user":"gyehuda","geo":null,"iso_language_code":"nl","source":"&lt;a href=&quot;http://twitter.com/&quot;&gt;web&lt;/a&gt;"},{"profile_image_url":"http://a2.twimg.com/profile_images/745032126/avatar_normal.jpg","created_at":"Fri, 20 Aug 2010 16:47:39 +0000","from_user":"jcsalterego","metadata":{"result_type":"recent"},"to_user_id":null,"text":"LMAO RT @DEVOPS_BORAT: How many OpenSolaris user is take now to change lightbulb? Is lucky is 1 user left in world! @bcantrill","id":21678825432,"from_user_id":326677,"geo":null,"iso_language_code":"en","source":"&lt;a href=&quot;http://twitter.com&quot; rel=&quot;nofollow&quot;&gt;Tweetie for Mac&lt;/a&gt;"},{"profile_image_url":"http://a3.twimg.com/profile_images/1079908235/borat_855_18535194_0_0_12672_300_normal.jpg","created_at":"Fri, 20 Aug 2010 16:46:01 +0000","from_user":"DEVOPS_BORAT","metadata":{"result_type":"recent"},"to_user_id":null,"text":"How many OpenSolaris user is take now to change lightbulb? Is lucky is 1 user left in world! @bcantrill","id":21678709755,"from_user_id":135828739,"geo":null,"iso_language_code":"en","source":"&lt;a href=&quot;http://twitter.com/&quot;&gt;web&lt;/a&gt;"},{"profile_image_url":"http://a3.twimg.com/profile_images/1079908235/borat_855_18535194_0_0_12672_300_normal.jpg","created_at":"Fri, 20 Aug 2010 16:43:58 +0000","from_user":"DEVOPS_BORAT","metadata":{"result_type":"recent"},"to_user_id":null,"text":"Bad news! Is not possible implement dtrace on Windows. Microsoft is say is constitute sexual harassment.","id":21678562308,"from_user_id":135828739,"geo":null,"iso_language_code":"en","source":"&lt;a href=&quot;http://twitter.com/&quot;&gt;web&lt;/a&gt;"}],"max_id":21683559618,"since_id":21672594185,"refresh_url":"?since_id=21683559618&q=devops_borat","total":6,"results_per_page":100,"page":1,"completed_in":0.032096,"query":"devops_borat"}