{"results":[{"profile_image_url":"http://a3.twimg.com/profile_images/662225987/Me-and-Kyra_normal.jpg","created_at":"Thu, 19 Aug 2010 13:18:33 +0000","from_user":"GeorgeReese","metadata":{"result_type":"recent"},"to_user_id":135828739,"text":"@DEVOPS_BORAT Hybrid cloud is a mix, of course.","id":21576376486,"from_user_id":45971,"to_user":"DEVOPS_BORAT","geo":null,"iso_language_code":"en","source":"&lt;a href=&quot;http://www.tweetdeck.com&quot; rel=&quot;nofollow&quot;&gt;TweetDeck&lt;/a&gt;"}],"max_id":21576376486,"since_id":21568160180,"refresh_url":"?since_id=21576376486&q=devops_borat","total":1,"results_per_page":100,"page":1,"completed_in":0.029888,"query":"devops_borat"}