{"results":[{"profile_image_url":"http://a3.twimg.com/profile_images/863510759/Photo_on_2010-05-01_at_01.04__2_normal.jpg","created_at":"Sat, 11 Sep 2010 11:38:35 +0000","from_user":"WezPyke","metadata":{"result_type":"recent"},"to_user_id":null,"text":"RT @BurielWebwerx Developer extraordinaires: @WezPyke @Squega @Wnemay @w00fz @cpojer @d_mitar @DEVOPS_BORAT @FuzzYspo0N #ff - thanks Hugo :)","id":24187518374,"from_user_id":465813,"geo":null,"iso_language_code":"en","source":"&lt;a href=&quot;http://twitterrific.com&quot; rel=&quot;nofollow&quot;&gt;Twitterrific&lt;/a&gt;"}],"max_id":24187518374,"since_id":24180690873,"refresh_url":"?since_id=24187518374&q=devops_borat","total":1,"results_per_page":100,"page":1,"completed_in":0.021496,"query":"devops_borat"}