{"results":[{"profile_image_url":"http://a2.twimg.com/profile_images/570505090/Screen_shot_2009-12-11_at_8.25.49_PM_normal.png","created_at":"Sat, 04 Sep 2010 14:49:50 +0000","from_user":"wickett","metadata":{"result_type":"recent"},"to_user_id":null,"text":"RT @DEVOPS_BORAT: Law of the elastic: in #devops is nothing as hard as can not be solve with 25 more cloud instance.","id":22981633609,"from_user_id":800000,"geo":null,"iso_language_code":"en","source":"&lt;a href=&quot;http://www.hootsuite.com&quot; rel=&quot;nofollow&quot;&gt;HootSuite&lt;/a&gt;"}],"max_id":22982438507,"since_id":22973977431,"refresh_url":"?since_id=22982438507&q=devops_borat","total":1,"results_per_page":100,"page":1,"completed_in":0.031864,"query":"devops_borat"}