{"results":[{"profile_image_url":"http://a3.twimg.com/profile_images/1079908235/borat_855_18535194_0_0_12672_300_normal.jpg","created_at":"Sat, 21 Aug 2010 01:48:59 +0000","from_user":"DEVOPS_BORAT","metadata":{"result_type":"recent"},"to_user_id":49028820,"text":"@obfuscurity you try already password p@$$w0rd? Is use of default in all Unix server setup of @opscode.","id":21711854638,"from_user_id":135828739,"to_user":"obfuscurity","geo":null,"iso_language_code":"en","source":"&lt;a href=&quot;http://twitter.com/&quot;&gt;web&lt;/a&gt;"},{"profile_image_url":"http://a1.twimg.com/profile_images/828560465/mokeefe_normal.jpg","created_at":"Sat, 21 Aug 2010 01:45:21 +0000","from_user":"mattokeefe","metadata":{"result_type":"recent"},"to_user_id":135828739,"text":"@DEVOPS_BORAT only if I am\n Lance Armstrong!","id":21711621643,"from_user_id":146619,"to_user":"DEVOPS_BORAT","geo":null,"iso_language_code":"en","source":"&lt;a href=&quot;http://www.tweetdeck.com&quot; rel=&quot;nofollow&quot;&gt;TweetDeck&lt;/a&gt;"},{"profile_image_url":"http://a3.twimg.com/profile_images/1079908235/borat_855_18535194_0_0_12672_300_normal.jpg","created_at":"Sat, 21 Aug 2010 01:38:59 +0000","from_user":"DEVOPS_BORAT","metadata":{"result_type":"recent"},"to_user_id":146619,"text":"@mattokeefe you are use battery as metaphor for left testicle yes?","id":21711209505,"from_user_id":135828739,"to_user":"mattokeefe","geo":null,"iso_language_code":"en","source":"&lt;a href=&quot;http://mobile.twitter.com&quot; rel=&quot;nofollow&quot;&gt;Mobile Web&lt;/a&gt;"},{"profile_image_url":"http://a3.twimg.com/profile_images/1079908235/borat_855_18535194_0_0_12672_300_normal.jpg","created_at":"Sat, 21 Aug 2010 01:37:53 +0000","from_user":"DEVOPS_BORAT","metadata":{"result_type":"recent"},"to_user_id":null,"text":"Less know truth of programming: all good programmer is use C in his 20, Lisp in his 30 and have Ferrari and hot wife at 40.","id":21711139440,"from_user_id":135828739,"geo":null,"iso_language_code":"en","source":"&lt;a href=&quot;http://mobile.twitter.com&quot; rel=&quot;nofollow&quot;&gt;Mobile Web&lt;/a&gt;"},{"profile_image_url":"http://a1.twimg.com/profile_images/828560465/mokeefe_normal.jpg","created_at":"Sat, 21 Aug 2010 01:37:50 +0000","from_user":"mattokeefe","metadata":{"result_type":"recent"},"to_user_id":135828739,"text":"@DEVOPS_BORAT laptop heat make battery die fast too!","id":21711136463,"from_user_id":146619,"to_user":"DEVOPS_BORAT","geo":null,"iso_language_code":"en","source":"&lt;a href=&quot;http://twitterrific.com&quot; rel=&quot;nofollow&quot;&gt;Twitterrific&lt;/a&gt;"},{"profile_image_url":"http://a3.twimg.com/profile_images/1079908235/borat_855_18535194_0_0_12672_300_normal.jpg","created_at":"Sat, 21 Aug 2010 01:27:32 +0000","from_user":"DEVOPS_BORAT","metadata":{"result_type":"recent"},"to_user_id":null,"text":"Less know truth of programming: laptop heat of CPU is make you impotent. Azamat is suffer of it. Solution is use cloud all time.","id":21710474758,"from_user_id":135828739,"geo":null,"iso_language_code":"en","source":"&lt;a href=&quot;http://mobile.twitter.com&quot; rel=&quot;nofollow&quot;&gt;Mobile Web&lt;/a&gt;"},{"profile_image_url":"http://a3.twimg.com/profile_images/1079908235/borat_855_18535194_0_0_12672_300_normal.jpg","created_at":"Sat, 21 Aug 2010 01:25:21 +0000","from_user":"DEVOPS_BORAT","metadata":{"result_type":"recent"},"to_user_id":null,"text":"Diaspora team is have PHP/SQLite prototype allow you add 3 friend before crash. They are hire me scale to cloud. Goal for 2011 is 30 friend.","id":21710334664,"from_user_id":135828739,"geo":null,"iso_language_code":"en","source":"&lt;a href=&quot;http://mobile.twitter.com&quot; rel=&quot;nofollow&quot;&gt;Mobile Web&lt;/a&gt;"},{"profile_image_url":"http://a1.twimg.com/profile_images/916556865/andre_normal.jpg","created_at":"Sat, 21 Aug 2010 00:45:25 +0000","from_user":"deferraz","metadata":{"result_type":"recent"},"to_user_id":null,"text":"RT @DEVOPS_BORAT: One good thing of #devops: is all culture. Everybody can able do it, is not need technical background.","id":21707856501,"from_user_id":86440,"geo":null,"iso_language_code":"en","source":"&lt;a href=&quot;http://twicca.r246.jp/&quot; rel=&quot;nofollow&quot;&gt;twicca&lt;/a&gt;"},{"profile_image_url":"http://a2.twimg.com/profile_images/445061006/batima-feira_da_fruta-re-remastered.UGA_093_0002_normal.jpg","created_at":"Sat, 21 Aug 2010 00:44:03 +0000","from_user":"fufa","metadata":{"result_type":"recent"},"to_user_id":17228112,"text":"@rgaiser @DEVOPS_BORAT is hors concours: he's so awesome that retwitting him is redundant and unnecessary.","id":21707772500,"from_user_id":389006,"to_user":"rgaiser","geo":null,"iso_language_code":"en","source":"&lt;a href=&quot;http://www.echofon.com/&quot; rel=&quot;nofollow&quot;&gt;Echofon&lt;/a&gt;"},{"profile_image_url":"http://a2.twimg.com/profile_images/1087795786/Tsonoqua_Mask_normal.gif","created_at":"Sat, 21 Aug 2010 00:35:15 +0000","from_user":"adolfosousa","metadata":{"result_type":"recent"},"to_user_id":null,"text":"RT @DEVOPS_BORAT: One good thing of #devops: is all culture. Everybody can able do it, is not need technical background.","id":21707258853,"from_user_id":871738,"geo":null,"iso_language_code":"en","source":"&lt;a href=&quot;http://twitter.com&quot; rel=&quot;nofollow&quot;&gt;Tweetie for Mac&lt;/a&gt;"},{"profile_image_url":"http://a3.twimg.com/profile_images/1079908235/borat_855_18535194_0_0_12672_300_normal.jpg","created_at":"Sat, 21 Aug 2010 00:32:10 +0000","from_user":"DEVOPS_BORAT","metadata":{"result_type":"recent"},"to_user_id":null,"text":"One good thing of #devops: is all culture. Everybody can able do it, is not need technical background.","id":21707078563,"from_user_id":135828739,"geo":null,"iso_language_code":"en","source":"&lt;a href=&quot;http://twitter.com/&quot;&gt;web&lt;/a&gt;"}],"max_id":21711854638,"since_id":21701829307,"refresh_url":"?since_id=21711854638&q=devops_borat","total":11,"results_per_page":100,"page":1,"completed_in":0.030689,"query":"devops_borat"}