{"results":[{"profile_image_url":"http://a3.twimg.com/profile_images/1079908235/borat_855_18535194_0_0_12672_300_normal.jpg","created_at":"Sun, 22 Aug 2010 15:44:11 +0000","from_user":"DEVOPS_BORAT","metadata":{"result_type":"recent"},"to_user_id":11479441,"text":"@kchodorow is true rumor CouchDB team is contribute durability layer to MongoDB codename FinallySleepWellAtNight?","id":21838799343,"from_user_id":135828739,"to_user":"kchodorow","geo":null,"iso_language_code":"en","source":"&lt;a href=&quot;http://mobile.twitter.com&quot; rel=&quot;nofollow&quot;&gt;Mobile Web&lt;/a&gt;"},{"profile_image_url":"http://a3.twimg.com/profile_images/1079908235/borat_855_18535194_0_0_12672_300_normal.jpg","created_at":"Sun, 22 Aug 2010 15:40:12 +0000","from_user":"DEVOPS_BORAT","metadata":{"result_type":"recent"},"to_user_id":11479441,"text":"@kchodorow you know we deploy MongoDB autoshard for Kazakhstan govt? Is work 90% time but some time is create shard for asshole Uzbeks.","id":21838520433,"from_user_id":135828739,"to_user":"kchodorow","geo":null,"iso_language_code":"en","source":"&lt;a href=&quot;http://mobile.twitter.com&quot; rel=&quot;nofollow&quot;&gt;Mobile Web&lt;/a&gt;"}],"max_id":21838799343,"since_id":21827839121,"refresh_url":"?since_id=21838799343&q=devops_borat","total":2,"results_per_page":100,"page":1,"completed_in":0.028026,"query":"devops_borat"}