{"results":[{"profile_image_url":"http://a3.twimg.com/profile_images/1079908235/borat_855_18535194_0_0_12672_300_normal.jpg","created_at":"Thu, 19 Aug 2010 15:15:34 +0000","from_user":"DEVOPS_BORAT","metadata":{"result_type":"recent"},"to_user_id":3475482,"text":"@davidajbagley I am not go there.","id":21585060337,"from_user_id":135828739,"to_user":"davidajbagley","geo":null,"iso_language_code":"en","source":"&lt;a href=&quot;http://twitter.com/&quot;&gt;web&lt;/a&gt;"},{"profile_image_url":"http://a1.twimg.com/profile_images/70268549/Low_BagleyD_normal.jpg","created_at":"Thu, 19 Aug 2010 14:56:04 +0000","from_user":"davidajbagley","metadata":{"result_type":"recent"},"to_user_id":135828739,"text":"@DEVOPS_BORAT HA! only one real boss: @moniquereese","id":21583584811,"from_user_id":3475482,"to_user":"DEVOPS_BORAT","geo":null,"iso_language_code":"en","source":"&lt;a href=&quot;http://www.tweetdeck.com&quot; rel=&quot;nofollow&quot;&gt;TweetDeck&lt;/a&gt;"},{"profile_image_url":"http://a0.twimg.com/profile_images/145869924/ErikSowa-160x160_normal.jpg","created_at":"Thu, 19 Aug 2010 14:53:28 +0000","from_user":"eriksowa","metadata":{"result_type":"recent"},"to_user_id":135828739,"text":"@DEVOPS_BORAT Name your #devopsdraft team &quot;the nads.&quot; Go, nads, go!","id":21583389840,"from_user_id":12492839,"to_user":"DEVOPS_BORAT","geo":null,"iso_language_code":"en","source":"&lt;a href=&quot;http://stone.com/Twittelator&quot; rel=&quot;nofollow&quot;&gt;Twittelator&lt;/a&gt;"},{"profile_image_url":"http://a3.twimg.com/profile_images/1079908235/borat_855_18535194_0_0_12672_300_normal.jpg","created_at":"Thu, 19 Aug 2010 14:48:47 +0000","from_user":"DEVOPS_BORAT","metadata":{"result_type":"recent"},"to_user_id":3475482,"text":"@davidajbagley genkuie follow. Wa wa wee wa you are CEO enstratus where @GeorgeReese CTO! In U S and A is CEO boss CTO around or reverse?","id":21583037398,"from_user_id":135828739,"to_user":"davidajbagley","geo":null,"iso_language_code":"en","source":"&lt;a href=&quot;http://twitter.com/&quot;&gt;web&lt;/a&gt;"},{"profile_image_url":"http://a3.twimg.com/profile_images/1079908235/borat_855_18535194_0_0_12672_300_normal.jpg","created_at":"Thu, 19 Aug 2010 14:45:50 +0000","from_user":"DEVOPS_BORAT","metadata":{"result_type":"recent"},"to_user_id":null,"text":"Azamat is still work on Kaban script language. Is now supporting new program construct call gonads. Is guaranteed if use you get laid.","id":21582814594,"from_user_id":135828739,"geo":null,"iso_language_code":"en","source":"&lt;a href=&quot;http://twitter.com/&quot;&gt;web&lt;/a&gt;"},{"profile_image_url":"http://a3.twimg.com/profile_images/662225987/Me-and-Kyra_normal.jpg","created_at":"Thu, 19 Aug 2010 14:45:01 +0000","from_user":"GeorgeReese","metadata":{"result_type":"recent"},"to_user_id":null,"text":"Yes! -&gt; PRT @DEVOPS_BORAT hybrid cloud is mix is what I suspect. Easy roll out by install openstack everywhere yes? Is enstratus support it?","id":21582753119,"from_user_id":45971,"geo":null,"iso_language_code":"en","source":"&lt;a href=&quot;http://www.tweetdeck.com&quot; rel=&quot;nofollow&quot;&gt;TweetDeck&lt;/a&gt;"},{"profile_image_url":"http://a3.twimg.com/profile_images/1079908235/borat_855_18535194_0_0_12672_300_normal.jpg","created_at":"Thu, 19 Aug 2010 14:43:34 +0000","from_user":"DEVOPS_BORAT","metadata":{"result_type":"recent"},"to_user_id":90351,"text":"@swardley I not have time for convert diagram into slide. I have need work for living, I am not yet Cloud Expert Consultant.","id":21582641276,"from_user_id":135828739,"to_user":"swardley","geo":null,"iso_language_code":"en","source":"&lt;a href=&quot;http://twitter.com/&quot;&gt;web&lt;/a&gt;"},{"profile_image_url":"http://a3.twimg.com/profile_images/1079908235/borat_855_18535194_0_0_12672_300_normal.jpg","created_at":"Thu, 19 Aug 2010 14:42:55 +0000","from_user":"DEVOPS_BORAT","metadata":{"result_type":"recent"},"to_user_id":45971,"text":"@GeorgeReese hybrid cloud is mix is what I was suspect. Then is easy roll out by install openstack everywhere yes? Is enstratus support it?","id":21582590727,"from_user_id":135828739,"to_user":"GeorgeReese","geo":null,"iso_language_code":"en","source":"&lt;a href=&quot;http://twitter.com/&quot;&gt;web&lt;/a&gt;"}],"max_id":21585060337,"since_id":21576376486,"refresh_url":"?since_id=21585060337&q=devops_borat","total":8,"results_per_page":100,"page":1,"completed_in":0.029719,"query":"devops_borat"}