{"results":[{"profile_image_url":"http://a3.twimg.com/profile_images/907375435/images_normal.jpeg","created_at":"Fri, 20 Aug 2010 20:38:04 +0000","from_user":"Madrugao","metadata":{"result_type":"recent"},"to_user_id":null,"text":"Eu ainda acho que o @gleicon ajudou o troll a fazer este script. #devops_borat","id":21693166420,"from_user_id":1291784,"geo":null,"iso_language_code":"pt","source":"&lt;a href=&quot;http://twitterrific.com&quot; rel=&quot;nofollow&quot;&gt;Twitterrific&lt;/a&gt;"},{"profile_image_url":"http://a3.twimg.com/profile_images/1079908235/borat_855_18535194_0_0_12672_300_normal.jpg","created_at":"Fri, 20 Aug 2010 20:23:55 +0000","from_user":"DEVOPS_BORAT","metadata":{"result_type":"recent"},"to_user_id":null,"text":"In Kazakhstan Oracle license is easy, is depend how many OS you kill. Is 1 Oracle Ent. license for 50 Windows or 100 Linux or 1000 Android.","id":21692344405,"from_user_id":135828739,"geo":null,"iso_language_code":"en","source":"&lt;a href=&quot;http://twitter.com/&quot;&gt;web&lt;/a&gt;"}],"max_id":21694466364,"since_id":21690582224,"refresh_url":"?since_id=21694466364&q=devops_borat","total":2,"results_per_page":100,"page":1,"completed_in":0.021249,"query":"devops_borat"}