{"results":[{"profile_image_url":"http://a1.twimg.com/profile_images/1117181501/piccolo07_normal.jpg","created_at":"Thu, 23 Sep 2010 09:06:09 +0000","from_user":"mramos29","metadata":{"result_type":"recent"},"to_user_id":135828739,"text":"@devops_borat so, where are you? We miss your wisdom.","id":25291129984,"from_user_id":11732344,"to_user":"DEVOPS_BORAT","geo":null,"iso_language_code":"en","source":"&lt;a href=&quot;http://twidroid.com&quot; rel=&quot;nofollow&quot;&gt;twidroid&lt;/a&gt;"}],"max_id":25291129984,"since_id":25285754998,"refresh_url":"?since_id=25291129984&q=devops_borat","total":1,"results_per_page":100,"page":1,"completed_in":0.026869,"query":"devops_borat"}