{"results":[{"profile_image_url":"http://a2.twimg.com/profile_images/445061006/batima-feira_da_fruta-re-remastered.UGA_093_0002_normal.jpg","created_at":"Fri, 20 Aug 2010 01:14:25 +0000","from_user":"fufa","metadata":{"result_type":"recent"},"to_user_id":null,"text":"Brazilian govt looking for cloud expert, maybe @DEVOPS_BORAT could apply for job.","id":21623792811,"from_user_id":389006,"geo":null,"iso_language_code":"en","source":"&lt;a href=&quot;http://www.echofon.com/&quot; rel=&quot;nofollow&quot;&gt;Echofon&lt;/a&gt;"}],"max_id":21623792811,"since_id":21618743734,"refresh_url":"?since_id=21623792811&q=devops_borat","total":1,"results_per_page":100,"page":1,"completed_in":0.036771,"query":"devops_borat"}